branch_mispredict,cache_pressure,case_id,elapsed_s,proxy_workload,returncode,summary_copy_ok,summary_path,time_us,trace_copy_ok,trace_path,tt_family,workload,workload_size
False,False,1,1.080066,sfpu_proxy,0,1,/home/dev_srinidhi/sit-cpu-baseline/sit-cpu-baseline/Phase-2/tt_doc_runs/20260313_044130/cases/tt_custom_sfpi_add/run/summary.json,256.0,1,/home/dev_srinidhi/sit-cpu-baseline/sit-cpu-baseline/Phase-2/tt_doc_runs/20260313_044130/cases/tt_custom_sfpi_add/run/trace.csv,sfpu,tt_custom_sfpi_add,native
False,False,2,1.142023,eltwise_proxy,0,1,/home/dev_srinidhi/sit-cpu-baseline/sit-cpu-baseline/Phase-2/tt_doc_runs/20260313_044130/cases/tt_eltwise_binary/run/summary.json,256.0,1,/home/dev_srinidhi/sit-cpu-baseline/sit-cpu-baseline/Phase-2/tt_doc_runs/20260313_044130/cases/tt_eltwise_binary/run/trace.csv,eltwise,tt_eltwise_binary,native
False,False,3,1.040563,sfpu_proxy,0,1,/home/dev_srinidhi/sit-cpu-baseline/sit-cpu-baseline/Phase-2/tt_doc_runs/20260313_044130/cases/tt_eltwise_sfpu/run/summary.json,256.0,1,/home/dev_srinidhi/sit-cpu-baseline/sit-cpu-baseline/Phase-2/tt_doc_runs/20260313_044130/cases/tt_eltwise_sfpu/run/trace.csv,sfpu,tt_eltwise_sfpu,native
False,False,4,0.990618,fm_loopback,0,1,/home/dev_srinidhi/sit-cpu-baseline/sit-cpu-baseline/Phase-2/tt_doc_runs/20260313_044130/cases/tt_loopback/run/summary.json,256.0,1,/home/dev_srinidhi/sit-cpu-baseline/sit-cpu-baseline/Phase-2/tt_doc_runs/20260313_044130/cases/tt_loopback/run/trace.csv,loopback,tt_loopback,native
False,False,5,6.579553,matmul,0,1,/home/dev_srinidhi/sit-cpu-baseline/sit-cpu-baseline/Phase-2/tt_doc_runs/20260313_044130/cases/tt_matmul_multi/run/summary.json,256.0,1,/home/dev_srinidhi/sit-cpu-baseline/sit-cpu-baseline/Phase-2/tt_doc_runs/20260313_044130/cases/tt_matmul_multi/run/trace.csv,matmul,tt_matmul_multi,multi
False,False,6,1.102002,matmul,0,1,/home/dev_srinidhi/sit-cpu-baseline/sit-cpu-baseline/Phase-2/tt_doc_runs/20260313_044130/cases/tt_matmul_single/run/summary.json,256.0,1,/home/dev_srinidhi/sit-cpu-baseline/sit-cpu-baseline/Phase-2/tt_doc_runs/20260313_044130/cases/tt_matmul_single/run/trace.csv,matmul,tt_matmul_single,single
False,False,7,0.999710,streaming_stall_control,0,1,/home/dev_srinidhi/sit-cpu-baseline/sit-cpu-baseline/Phase-2/tt_doc_runs/20260313_044130/cases/tt_noc_transfer/run/summary.json,256.0,1,/home/dev_srinidhi/sit-cpu-baseline/sit-cpu-baseline/Phase-2/tt_doc_runs/20260313_044130/cases/tt_noc_transfer/run/trace.csv,streaming,tt_noc_transfer,native
False,False,8,1.001932,sfpu_proxy,0,1,/home/dev_srinidhi/sit-cpu-baseline/sit-cpu-baseline/Phase-2/tt_doc_runs/20260313_044130/cases/tt_sfpu_chain/run/summary.json,256.0,1,/home/dev_srinidhi/sit-cpu-baseline/sit-cpu-baseline/Phase-2/tt_doc_runs/20260313_044130/cases/tt_sfpu_chain/run/trace.csv,sfpu,tt_sfpu_chain,native
False,False,9,1.373273,streaming_proxy,0,1,/home/dev_srinidhi/sit-cpu-baseline/sit-cpu-baseline/Phase-2/tt_doc_runs/20260313_044130/cases/tt_vecadd/run/summary.json,256.0,1,/home/dev_srinidhi/sit-cpu-baseline/sit-cpu-baseline/Phase-2/tt_doc_runs/20260313_044130/cases/tt_vecadd/run/trace.csv,streaming,tt_vecadd,native
