aggregate_windows,aggregate_windows_csv,breakdown_csv,case,case_id,console_log,console_status,elapsed_s,plot1_svg,plot2_svg,profile_csv,proxy_workload,reason,residency_active_avg,residency_idle_avg,residency_stall_avg,resident_windows_total,returncode,sit_median,sit_p95,source_cores,source_rows,status,summary_json,trace_csv,tt_family,used_residency_file,window_us,windows_csv,windows_total,workload_size,zone_log
1,/home/dev_srinidhi/sit-cpu-baseline/sit-cpu-baseline/Phase-2/tt_doc_runs/20260313_044130/cases/tt_custom_sfpi_add/aggregate_windows.csv,/home/dev_srinidhi/sit-cpu-baseline/sit-cpu-baseline/Phase-2/tt_doc_runs/20260313_044130/cases/tt_custom_sfpi_add/plots/tt_custom_sfpi_add__window_breakdown.csv,tt_custom_sfpi_add,1,/home/dev_srinidhi/sit-cpu-baseline/sit-cpu-baseline/Phase-2/datasets/Tenstorrent_test_raw_files-main/tt_custom_sfpi_add/console.log,test_passed,1.080066,/home/dev_srinidhi/sit-cpu-baseline/sit-cpu-baseline/Phase-2/tt_doc_runs/20260313_044130/cases/tt_custom_sfpi_add/plots/tt_custom_sfpi_add__plot1_sit_vs_time.svg,/home/dev_srinidhi/sit-cpu-baseline/sit-cpu-baseline/Phase-2/tt_doc_runs/20260313_044130/cases/tt_custom_sfpi_add/plots/tt_custom_sfpi_add__plot2_window_breakdown_stacked.svg,/home/dev_srinidhi/sit-cpu-baseline/sit-cpu-baseline/Phase-2/datasets/Tenstorrent_test_raw_files-main/tt_custom_sfpi_add/profiler_logs/profile_log_device.csv,sfpu_proxy,,0.8916662656979261,0.0,0.10833373430207398,1,0,0.8916662656979261,0.8916662656979261,1,1,pass,/home/dev_srinidhi/sit-cpu-baseline/sit-cpu-baseline/Phase-2/tt_doc_runs/20260313_044130/cases/tt_custom_sfpi_add/run/summary.json,/home/dev_srinidhi/sit-cpu-baseline/sit-cpu-baseline/Phase-2/tt_doc_runs/20260313_044130/cases/tt_custom_sfpi_add/run/trace.csv,sfpu,True,256.0,/home/dev_srinidhi/sit-cpu-baseline/sit-cpu-baseline/Phase-2/tt_doc_runs/20260313_044130/cases/tt_custom_sfpi_add/run/windows.csv,1,native,/home/dev_srinidhi/sit-cpu-baseline/sit-cpu-baseline/Phase-2/datasets/Tenstorrent_test_raw_files-main/tt_custom_sfpi_add/profiler_logs/zone_src_locations.log
1,/home/dev_srinidhi/sit-cpu-baseline/sit-cpu-baseline/Phase-2/tt_doc_runs/20260313_044130/cases/tt_eltwise_binary/aggregate_windows.csv,/home/dev_srinidhi/sit-cpu-baseline/sit-cpu-baseline/Phase-2/tt_doc_runs/20260313_044130/cases/tt_eltwise_binary/plots/tt_eltwise_binary__window_breakdown.csv,tt_eltwise_binary,2,/home/dev_srinidhi/sit-cpu-baseline/sit-cpu-baseline/Phase-2/datasets/Tenstorrent_test_raw_files-main/tt_eltwise_binary/console.log,test_passed,1.142023,/home/dev_srinidhi/sit-cpu-baseline/sit-cpu-baseline/Phase-2/tt_doc_runs/20260313_044130/cases/tt_eltwise_binary/plots/tt_eltwise_binary__plot1_sit_vs_time.svg,/home/dev_srinidhi/sit-cpu-baseline/sit-cpu-baseline/Phase-2/tt_doc_runs/20260313_044130/cases/tt_eltwise_binary/plots/tt_eltwise_binary__plot2_window_breakdown_stacked.svg,/home/dev_srinidhi/sit-cpu-baseline/sit-cpu-baseline/Phase-2/datasets/Tenstorrent_test_raw_files-main/tt_eltwise_binary/profiler_logs/profile_log_device.csv,eltwise_proxy,,0.15674747181497176,0.0,0.8432525281850283,1,0,0.15674747181497176,0.15674747181497176,1,1,pass,/home/dev_srinidhi/sit-cpu-baseline/sit-cpu-baseline/Phase-2/tt_doc_runs/20260313_044130/cases/tt_eltwise_binary/run/summary.json,/home/dev_srinidhi/sit-cpu-baseline/sit-cpu-baseline/Phase-2/tt_doc_runs/20260313_044130/cases/tt_eltwise_binary/run/trace.csv,eltwise,True,256.0,/home/dev_srinidhi/sit-cpu-baseline/sit-cpu-baseline/Phase-2/tt_doc_runs/20260313_044130/cases/tt_eltwise_binary/run/windows.csv,1,native,/home/dev_srinidhi/sit-cpu-baseline/sit-cpu-baseline/Phase-2/datasets/Tenstorrent_test_raw_files-main/tt_eltwise_binary/profiler_logs/zone_src_locations.log
1,/home/dev_srinidhi/sit-cpu-baseline/sit-cpu-baseline/Phase-2/tt_doc_runs/20260313_044130/cases/tt_eltwise_sfpu/aggregate_windows.csv,/home/dev_srinidhi/sit-cpu-baseline/sit-cpu-baseline/Phase-2/tt_doc_runs/20260313_044130/cases/tt_eltwise_sfpu/plots/tt_eltwise_sfpu__window_breakdown.csv,tt_eltwise_sfpu,3,/home/dev_srinidhi/sit-cpu-baseline/sit-cpu-baseline/Phase-2/datasets/Tenstorrent_test_raw_files-main/tt_eltwise_sfpu/console.log,test_passed,1.040563,/home/dev_srinidhi/sit-cpu-baseline/sit-cpu-baseline/Phase-2/tt_doc_runs/20260313_044130/cases/tt_eltwise_sfpu/plots/tt_eltwise_sfpu__plot1_sit_vs_time.svg,/home/dev_srinidhi/sit-cpu-baseline/sit-cpu-baseline/Phase-2/tt_doc_runs/20260313_044130/cases/tt_eltwise_sfpu/plots/tt_eltwise_sfpu__plot2_window_breakdown_stacked.svg,/home/dev_srinidhi/sit-cpu-baseline/sit-cpu-baseline/Phase-2/datasets/Tenstorrent_test_raw_files-main/tt_eltwise_sfpu/profiler_logs/profile_log_device.csv,sfpu_proxy,,0.9383301355449654,0.0,0.061669864455034654,1,0,0.9383301355449654,0.9383301355449654,1,1,pass,/home/dev_srinidhi/sit-cpu-baseline/sit-cpu-baseline/Phase-2/tt_doc_runs/20260313_044130/cases/tt_eltwise_sfpu/run/summary.json,/home/dev_srinidhi/sit-cpu-baseline/sit-cpu-baseline/Phase-2/tt_doc_runs/20260313_044130/cases/tt_eltwise_sfpu/run/trace.csv,sfpu,True,256.0,/home/dev_srinidhi/sit-cpu-baseline/sit-cpu-baseline/Phase-2/tt_doc_runs/20260313_044130/cases/tt_eltwise_sfpu/run/windows.csv,1,native,/home/dev_srinidhi/sit-cpu-baseline/sit-cpu-baseline/Phase-2/datasets/Tenstorrent_test_raw_files-main/tt_eltwise_sfpu/profiler_logs/zone_src_locations.log
1,/home/dev_srinidhi/sit-cpu-baseline/sit-cpu-baseline/Phase-2/tt_doc_runs/20260313_044130/cases/tt_loopback/aggregate_windows.csv,/home/dev_srinidhi/sit-cpu-baseline/sit-cpu-baseline/Phase-2/tt_doc_runs/20260313_044130/cases/tt_loopback/plots/tt_loopback__window_breakdown.csv,tt_loopback,4,/home/dev_srinidhi/sit-cpu-baseline/sit-cpu-baseline/Phase-2/datasets/Tenstorrent_test_raw_files-main/tt_loopback/console.log,test_passed,0.990618,/home/dev_srinidhi/sit-cpu-baseline/sit-cpu-baseline/Phase-2/tt_doc_runs/20260313_044130/cases/tt_loopback/plots/tt_loopback__plot1_sit_vs_time.svg,/home/dev_srinidhi/sit-cpu-baseline/sit-cpu-baseline/Phase-2/tt_doc_runs/20260313_044130/cases/tt_loopback/plots/tt_loopback__plot2_window_breakdown_stacked.svg,/home/dev_srinidhi/sit-cpu-baseline/sit-cpu-baseline/Phase-2/datasets/Tenstorrent_test_raw_files-main/tt_loopback/profiler_logs/profile_log_device.csv,fm_loopback,,0.0,0.0,1.0,1,0,0.0,0.0,1,1,pass,/home/dev_srinidhi/sit-cpu-baseline/sit-cpu-baseline/Phase-2/tt_doc_runs/20260313_044130/cases/tt_loopback/run/summary.json,/home/dev_srinidhi/sit-cpu-baseline/sit-cpu-baseline/Phase-2/tt_doc_runs/20260313_044130/cases/tt_loopback/run/trace.csv,loopback,True,256.0,/home/dev_srinidhi/sit-cpu-baseline/sit-cpu-baseline/Phase-2/tt_doc_runs/20260313_044130/cases/tt_loopback/run/windows.csv,1,native,/home/dev_srinidhi/sit-cpu-baseline/sit-cpu-baseline/Phase-2/datasets/Tenstorrent_test_raw_files-main/tt_loopback/profiler_logs/zone_src_locations.log
2,/home/dev_srinidhi/sit-cpu-baseline/sit-cpu-baseline/Phase-2/tt_doc_runs/20260313_044130/cases/tt_matmul_multi/aggregate_windows.csv,/home/dev_srinidhi/sit-cpu-baseline/sit-cpu-baseline/Phase-2/tt_doc_runs/20260313_044130/cases/tt_matmul_multi/plots/tt_matmul_multi__window_breakdown.csv,tt_matmul_multi,5,/home/dev_srinidhi/sit-cpu-baseline/sit-cpu-baseline/Phase-2/datasets/Tenstorrent_test_raw_files-main/tt_matmul_multi/console.log,PCC=0.99988395,6.579553,/home/dev_srinidhi/sit-cpu-baseline/sit-cpu-baseline/Phase-2/tt_doc_runs/20260313_044130/cases/tt_matmul_multi/plots/tt_matmul_multi__plot1_sit_vs_time.svg,/home/dev_srinidhi/sit-cpu-baseline/sit-cpu-baseline/Phase-2/tt_doc_runs/20260313_044130/cases/tt_matmul_multi/plots/tt_matmul_multi__plot2_window_breakdown_stacked.svg,/home/dev_srinidhi/sit-cpu-baseline/sit-cpu-baseline/Phase-2/datasets/Tenstorrent_test_raw_files-main/tt_matmul_multi/profiler_logs/profile_log_device.csv,matmul,,0.7776630322068154,3.96602347442748e-18,0.22233696779318451,112,0,0.8388513224711508,0.9315624830385199,56,112,pass,/home/dev_srinidhi/sit-cpu-baseline/sit-cpu-baseline/Phase-2/tt_doc_runs/20260313_044130/cases/tt_matmul_multi/run/summary.json,/home/dev_srinidhi/sit-cpu-baseline/sit-cpu-baseline/Phase-2/tt_doc_runs/20260313_044130/cases/tt_matmul_multi/run/trace.csv,matmul,True,256.0,/home/dev_srinidhi/sit-cpu-baseline/sit-cpu-baseline/Phase-2/tt_doc_runs/20260313_044130/cases/tt_matmul_multi/run/windows.csv,112,multi,/home/dev_srinidhi/sit-cpu-baseline/sit-cpu-baseline/Phase-2/datasets/Tenstorrent_test_raw_files-main/tt_matmul_multi/profiler_logs/zone_src_locations.log
31,/home/dev_srinidhi/sit-cpu-baseline/sit-cpu-baseline/Phase-2/tt_doc_runs/20260313_044130/cases/tt_matmul_single/aggregate_windows.csv,/home/dev_srinidhi/sit-cpu-baseline/sit-cpu-baseline/Phase-2/tt_doc_runs/20260313_044130/cases/tt_matmul_single/plots/tt_matmul_single__window_breakdown.csv,tt_matmul_single,6,/home/dev_srinidhi/sit-cpu-baseline/sit-cpu-baseline/Phase-2/datasets/Tenstorrent_test_raw_files-main/tt_matmul_single/console.log,PCC=0.98069453,1.102002,/home/dev_srinidhi/sit-cpu-baseline/sit-cpu-baseline/Phase-2/tt_doc_runs/20260313_044130/cases/tt_matmul_single/plots/tt_matmul_single__plot1_sit_vs_time.svg,/home/dev_srinidhi/sit-cpu-baseline/sit-cpu-baseline/Phase-2/tt_doc_runs/20260313_044130/cases/tt_matmul_single/plots/tt_matmul_single__plot2_window_breakdown_stacked.svg,/home/dev_srinidhi/sit-cpu-baseline/sit-cpu-baseline/Phase-2/datasets/Tenstorrent_test_raw_files-main/tt_matmul_single/profiler_logs/profile_log_device.csv,matmul,,0.013064894153225802,0.0,0.9869351058467742,31,0,0.0,0.0,1,31,pass,/home/dev_srinidhi/sit-cpu-baseline/sit-cpu-baseline/Phase-2/tt_doc_runs/20260313_044130/cases/tt_matmul_single/run/summary.json,/home/dev_srinidhi/sit-cpu-baseline/sit-cpu-baseline/Phase-2/tt_doc_runs/20260313_044130/cases/tt_matmul_single/run/trace.csv,matmul,True,256.0,/home/dev_srinidhi/sit-cpu-baseline/sit-cpu-baseline/Phase-2/tt_doc_runs/20260313_044130/cases/tt_matmul_single/run/windows.csv,31,single,/home/dev_srinidhi/sit-cpu-baseline/sit-cpu-baseline/Phase-2/datasets/Tenstorrent_test_raw_files-main/tt_matmul_single/profiler_logs/zone_src_locations.log
1,/home/dev_srinidhi/sit-cpu-baseline/sit-cpu-baseline/Phase-2/tt_doc_runs/20260313_044130/cases/tt_noc_transfer/aggregate_windows.csv,/home/dev_srinidhi/sit-cpu-baseline/sit-cpu-baseline/Phase-2/tt_doc_runs/20260313_044130/cases/tt_noc_transfer/plots/tt_noc_transfer__window_breakdown.csv,tt_noc_transfer,7,/home/dev_srinidhi/sit-cpu-baseline/sit-cpu-baseline/Phase-2/datasets/Tenstorrent_test_raw_files-main/tt_noc_transfer/console.log,2026-03-12 23:45:39.278 | info     |             UMD | Closing devices in cluster (cluster.cpp:980),0.99971,/home/dev_srinidhi/sit-cpu-baseline/sit-cpu-baseline/Phase-2/tt_doc_runs/20260313_044130/cases/tt_noc_transfer/plots/tt_noc_transfer__plot1_sit_vs_time.svg,/home/dev_srinidhi/sit-cpu-baseline/sit-cpu-baseline/Phase-2/tt_doc_runs/20260313_044130/cases/tt_noc_transfer/plots/tt_noc_transfer__plot2_window_breakdown_stacked.svg,/home/dev_srinidhi/sit-cpu-baseline/sit-cpu-baseline/Phase-2/datasets/Tenstorrent_test_raw_files-main/tt_noc_transfer/profiler_logs/profile_log_device.csv,streaming_stall_control,,0.0,0.0,1.0,2,0,0.0,0.0,2,2,pass,/home/dev_srinidhi/sit-cpu-baseline/sit-cpu-baseline/Phase-2/tt_doc_runs/20260313_044130/cases/tt_noc_transfer/run/summary.json,/home/dev_srinidhi/sit-cpu-baseline/sit-cpu-baseline/Phase-2/tt_doc_runs/20260313_044130/cases/tt_noc_transfer/run/trace.csv,streaming,True,256.0,/home/dev_srinidhi/sit-cpu-baseline/sit-cpu-baseline/Phase-2/tt_doc_runs/20260313_044130/cases/tt_noc_transfer/run/windows.csv,2,native,/home/dev_srinidhi/sit-cpu-baseline/sit-cpu-baseline/Phase-2/datasets/Tenstorrent_test_raw_files-main/tt_noc_transfer/profiler_logs/zone_src_locations.log
1,/home/dev_srinidhi/sit-cpu-baseline/sit-cpu-baseline/Phase-2/tt_doc_runs/20260313_044130/cases/tt_sfpu_chain/aggregate_windows.csv,/home/dev_srinidhi/sit-cpu-baseline/sit-cpu-baseline/Phase-2/tt_doc_runs/20260313_044130/cases/tt_sfpu_chain/plots/tt_sfpu_chain__window_breakdown.csv,tt_sfpu_chain,8,/home/dev_srinidhi/sit-cpu-baseline/sit-cpu-baseline/Phase-2/datasets/Tenstorrent_test_raw_files-main/tt_sfpu_chain/console.log,PCC=0.9998643,1.001932,/home/dev_srinidhi/sit-cpu-baseline/sit-cpu-baseline/Phase-2/tt_doc_runs/20260313_044130/cases/tt_sfpu_chain/plots/tt_sfpu_chain__plot1_sit_vs_time.svg,/home/dev_srinidhi/sit-cpu-baseline/sit-cpu-baseline/Phase-2/tt_doc_runs/20260313_044130/cases/tt_sfpu_chain/plots/tt_sfpu_chain__plot2_window_breakdown_stacked.svg,/home/dev_srinidhi/sit-cpu-baseline/sit-cpu-baseline/Phase-2/datasets/Tenstorrent_test_raw_files-main/tt_sfpu_chain/profiler_logs/profile_log_device.csv,sfpu_proxy,,0.9598968342267624,0.0,0.04010316577323757,1,0,0.9598968342267624,0.9598968342267624,1,1,pass,/home/dev_srinidhi/sit-cpu-baseline/sit-cpu-baseline/Phase-2/tt_doc_runs/20260313_044130/cases/tt_sfpu_chain/run/summary.json,/home/dev_srinidhi/sit-cpu-baseline/sit-cpu-baseline/Phase-2/tt_doc_runs/20260313_044130/cases/tt_sfpu_chain/run/trace.csv,sfpu,True,256.0,/home/dev_srinidhi/sit-cpu-baseline/sit-cpu-baseline/Phase-2/tt_doc_runs/20260313_044130/cases/tt_sfpu_chain/run/windows.csv,1,native,/home/dev_srinidhi/sit-cpu-baseline/sit-cpu-baseline/Phase-2/datasets/Tenstorrent_test_raw_files-main/tt_sfpu_chain/profiler_logs/zone_src_locations.log
1,/home/dev_srinidhi/sit-cpu-baseline/sit-cpu-baseline/Phase-2/tt_doc_runs/20260313_044130/cases/tt_vecadd/aggregate_windows.csv,/home/dev_srinidhi/sit-cpu-baseline/sit-cpu-baseline/Phase-2/tt_doc_runs/20260313_044130/cases/tt_vecadd/plots/tt_vecadd__window_breakdown.csv,tt_vecadd,9,/home/dev_srinidhi/sit-cpu-baseline/sit-cpu-baseline/Phase-2/datasets/Tenstorrent_test_raw_files-main/tt_vecadd/console.log,results_match_expected,1.373273,/home/dev_srinidhi/sit-cpu-baseline/sit-cpu-baseline/Phase-2/tt_doc_runs/20260313_044130/cases/tt_vecadd/plots/tt_vecadd__plot1_sit_vs_time.svg,/home/dev_srinidhi/sit-cpu-baseline/sit-cpu-baseline/Phase-2/tt_doc_runs/20260313_044130/cases/tt_vecadd/plots/tt_vecadd__plot2_window_breakdown_stacked.svg,/home/dev_srinidhi/sit-cpu-baseline/sit-cpu-baseline/Phase-2/datasets/Tenstorrent_test_raw_files-main/tt_vecadd/profiler_logs/profile_log_device.csv,streaming_proxy,,0.04724280450426677,2.2791767308595605e-17,0.9527571954957332,56,0,0.04286040584783529,0.07007614349872099,56,56,pass,/home/dev_srinidhi/sit-cpu-baseline/sit-cpu-baseline/Phase-2/tt_doc_runs/20260313_044130/cases/tt_vecadd/run/summary.json,/home/dev_srinidhi/sit-cpu-baseline/sit-cpu-baseline/Phase-2/tt_doc_runs/20260313_044130/cases/tt_vecadd/run/trace.csv,streaming,True,256.0,/home/dev_srinidhi/sit-cpu-baseline/sit-cpu-baseline/Phase-2/tt_doc_runs/20260313_044130/cases/tt_vecadd/run/windows.csv,56,native,/home/dev_srinidhi/sit-cpu-baseline/sit-cpu-baseline/Phase-2/datasets/Tenstorrent_test_raw_files-main/tt_vecadd/profiler_logs/zone_src_locations.log
