aggregate_windows_csv,breakdown_csv,case,plot1_svg,plot2_svg,reason,status
/home/dev_srinidhi/sit-cpu-baseline/sit-cpu-baseline/Phase-2/tt_doc_runs/20260313_044130/cases/tt_custom_sfpi_add/aggregate_windows.csv,/home/dev_srinidhi/sit-cpu-baseline/sit-cpu-baseline/Phase-2/tt_doc_runs/20260313_044130/cases/tt_custom_sfpi_add/plots/tt_custom_sfpi_add__window_breakdown.csv,tt_custom_sfpi_add,/home/dev_srinidhi/sit-cpu-baseline/sit-cpu-baseline/Phase-2/tt_doc_runs/20260313_044130/cases/tt_custom_sfpi_add/plots/tt_custom_sfpi_add__plot1_sit_vs_time.svg,/home/dev_srinidhi/sit-cpu-baseline/sit-cpu-baseline/Phase-2/tt_doc_runs/20260313_044130/cases/tt_custom_sfpi_add/plots/tt_custom_sfpi_add__plot2_window_breakdown_stacked.svg,,pass
/home/dev_srinidhi/sit-cpu-baseline/sit-cpu-baseline/Phase-2/tt_doc_runs/20260313_044130/cases/tt_eltwise_binary/aggregate_windows.csv,/home/dev_srinidhi/sit-cpu-baseline/sit-cpu-baseline/Phase-2/tt_doc_runs/20260313_044130/cases/tt_eltwise_binary/plots/tt_eltwise_binary__window_breakdown.csv,tt_eltwise_binary,/home/dev_srinidhi/sit-cpu-baseline/sit-cpu-baseline/Phase-2/tt_doc_runs/20260313_044130/cases/tt_eltwise_binary/plots/tt_eltwise_binary__plot1_sit_vs_time.svg,/home/dev_srinidhi/sit-cpu-baseline/sit-cpu-baseline/Phase-2/tt_doc_runs/20260313_044130/cases/tt_eltwise_binary/plots/tt_eltwise_binary__plot2_window_breakdown_stacked.svg,,pass
/home/dev_srinidhi/sit-cpu-baseline/sit-cpu-baseline/Phase-2/tt_doc_runs/20260313_044130/cases/tt_eltwise_sfpu/aggregate_windows.csv,/home/dev_srinidhi/sit-cpu-baseline/sit-cpu-baseline/Phase-2/tt_doc_runs/20260313_044130/cases/tt_eltwise_sfpu/plots/tt_eltwise_sfpu__window_breakdown.csv,tt_eltwise_sfpu,/home/dev_srinidhi/sit-cpu-baseline/sit-cpu-baseline/Phase-2/tt_doc_runs/20260313_044130/cases/tt_eltwise_sfpu/plots/tt_eltwise_sfpu__plot1_sit_vs_time.svg,/home/dev_srinidhi/sit-cpu-baseline/sit-cpu-baseline/Phase-2/tt_doc_runs/20260313_044130/cases/tt_eltwise_sfpu/plots/tt_eltwise_sfpu__plot2_window_breakdown_stacked.svg,,pass
/home/dev_srinidhi/sit-cpu-baseline/sit-cpu-baseline/Phase-2/tt_doc_runs/20260313_044130/cases/tt_loopback/aggregate_windows.csv,/home/dev_srinidhi/sit-cpu-baseline/sit-cpu-baseline/Phase-2/tt_doc_runs/20260313_044130/cases/tt_loopback/plots/tt_loopback__window_breakdown.csv,tt_loopback,/home/dev_srinidhi/sit-cpu-baseline/sit-cpu-baseline/Phase-2/tt_doc_runs/20260313_044130/cases/tt_loopback/plots/tt_loopback__plot1_sit_vs_time.svg,/home/dev_srinidhi/sit-cpu-baseline/sit-cpu-baseline/Phase-2/tt_doc_runs/20260313_044130/cases/tt_loopback/plots/tt_loopback__plot2_window_breakdown_stacked.svg,,pass
/home/dev_srinidhi/sit-cpu-baseline/sit-cpu-baseline/Phase-2/tt_doc_runs/20260313_044130/cases/tt_matmul_multi/aggregate_windows.csv,/home/dev_srinidhi/sit-cpu-baseline/sit-cpu-baseline/Phase-2/tt_doc_runs/20260313_044130/cases/tt_matmul_multi/plots/tt_matmul_multi__window_breakdown.csv,tt_matmul_multi,/home/dev_srinidhi/sit-cpu-baseline/sit-cpu-baseline/Phase-2/tt_doc_runs/20260313_044130/cases/tt_matmul_multi/plots/tt_matmul_multi__plot1_sit_vs_time.svg,/home/dev_srinidhi/sit-cpu-baseline/sit-cpu-baseline/Phase-2/tt_doc_runs/20260313_044130/cases/tt_matmul_multi/plots/tt_matmul_multi__plot2_window_breakdown_stacked.svg,,pass
/home/dev_srinidhi/sit-cpu-baseline/sit-cpu-baseline/Phase-2/tt_doc_runs/20260313_044130/cases/tt_matmul_single/aggregate_windows.csv,/home/dev_srinidhi/sit-cpu-baseline/sit-cpu-baseline/Phase-2/tt_doc_runs/20260313_044130/cases/tt_matmul_single/plots/tt_matmul_single__window_breakdown.csv,tt_matmul_single,/home/dev_srinidhi/sit-cpu-baseline/sit-cpu-baseline/Phase-2/tt_doc_runs/20260313_044130/cases/tt_matmul_single/plots/tt_matmul_single__plot1_sit_vs_time.svg,/home/dev_srinidhi/sit-cpu-baseline/sit-cpu-baseline/Phase-2/tt_doc_runs/20260313_044130/cases/tt_matmul_single/plots/tt_matmul_single__plot2_window_breakdown_stacked.svg,,pass
/home/dev_srinidhi/sit-cpu-baseline/sit-cpu-baseline/Phase-2/tt_doc_runs/20260313_044130/cases/tt_noc_transfer/aggregate_windows.csv,/home/dev_srinidhi/sit-cpu-baseline/sit-cpu-baseline/Phase-2/tt_doc_runs/20260313_044130/cases/tt_noc_transfer/plots/tt_noc_transfer__window_breakdown.csv,tt_noc_transfer,/home/dev_srinidhi/sit-cpu-baseline/sit-cpu-baseline/Phase-2/tt_doc_runs/20260313_044130/cases/tt_noc_transfer/plots/tt_noc_transfer__plot1_sit_vs_time.svg,/home/dev_srinidhi/sit-cpu-baseline/sit-cpu-baseline/Phase-2/tt_doc_runs/20260313_044130/cases/tt_noc_transfer/plots/tt_noc_transfer__plot2_window_breakdown_stacked.svg,,pass
/home/dev_srinidhi/sit-cpu-baseline/sit-cpu-baseline/Phase-2/tt_doc_runs/20260313_044130/cases/tt_sfpu_chain/aggregate_windows.csv,/home/dev_srinidhi/sit-cpu-baseline/sit-cpu-baseline/Phase-2/tt_doc_runs/20260313_044130/cases/tt_sfpu_chain/plots/tt_sfpu_chain__window_breakdown.csv,tt_sfpu_chain,/home/dev_srinidhi/sit-cpu-baseline/sit-cpu-baseline/Phase-2/tt_doc_runs/20260313_044130/cases/tt_sfpu_chain/plots/tt_sfpu_chain__plot1_sit_vs_time.svg,/home/dev_srinidhi/sit-cpu-baseline/sit-cpu-baseline/Phase-2/tt_doc_runs/20260313_044130/cases/tt_sfpu_chain/plots/tt_sfpu_chain__plot2_window_breakdown_stacked.svg,,pass
/home/dev_srinidhi/sit-cpu-baseline/sit-cpu-baseline/Phase-2/tt_doc_runs/20260313_044130/cases/tt_vecadd/aggregate_windows.csv,/home/dev_srinidhi/sit-cpu-baseline/sit-cpu-baseline/Phase-2/tt_doc_runs/20260313_044130/cases/tt_vecadd/plots/tt_vecadd__window_breakdown.csv,tt_vecadd,/home/dev_srinidhi/sit-cpu-baseline/sit-cpu-baseline/Phase-2/tt_doc_runs/20260313_044130/cases/tt_vecadd/plots/tt_vecadd__plot1_sit_vs_time.svg,/home/dev_srinidhi/sit-cpu-baseline/sit-cpu-baseline/Phase-2/tt_doc_runs/20260313_044130/cases/tt_vecadd/plots/tt_vecadd__plot2_window_breakdown_stacked.svg,,pass
