branch_mispredict,cache_pressure,case_id,elapsed_s,flag_mode,proxy_workload,residency_idle,residency_stall,returncode,sit_median,sit_p95,summary_copy_ok,summary_path,time_us,trace_copy_ok,trace_path,tt_family,workload,workload_size
False,False,1,1.080066,none,sfpu_proxy,0.000000,10.833373,0,0.891666,0.891666,1,/home/dev_srinidhi/sit-cpu-baseline/sit-cpu-baseline/Phase-2/tt_doc_runs/20260313_044130/cases/tt_custom_sfpi_add/run/summary.json,256.0,1,/home/dev_srinidhi/sit-cpu-baseline/sit-cpu-baseline/Phase-2/tt_doc_runs/20260313_044130/cases/tt_custom_sfpi_add/run/trace.csv,sfpu,tt_custom_sfpi_add,native
False,False,2,1.142023,none,eltwise_proxy,0.000000,84.325253,0,0.156747,0.156747,1,/home/dev_srinidhi/sit-cpu-baseline/sit-cpu-baseline/Phase-2/tt_doc_runs/20260313_044130/cases/tt_eltwise_binary/run/summary.json,256.0,1,/home/dev_srinidhi/sit-cpu-baseline/sit-cpu-baseline/Phase-2/tt_doc_runs/20260313_044130/cases/tt_eltwise_binary/run/trace.csv,eltwise,tt_eltwise_binary,native
False,False,3,1.040563,none,sfpu_proxy,0.000000,6.166986,0,0.938330,0.938330,1,/home/dev_srinidhi/sit-cpu-baseline/sit-cpu-baseline/Phase-2/tt_doc_runs/20260313_044130/cases/tt_eltwise_sfpu/run/summary.json,256.0,1,/home/dev_srinidhi/sit-cpu-baseline/sit-cpu-baseline/Phase-2/tt_doc_runs/20260313_044130/cases/tt_eltwise_sfpu/run/trace.csv,sfpu,tt_eltwise_sfpu,native
False,False,4,0.990618,none,fm_loopback,0.000000,100.000000,0,0.000000,0.000000,1,/home/dev_srinidhi/sit-cpu-baseline/sit-cpu-baseline/Phase-2/tt_doc_runs/20260313_044130/cases/tt_loopback/run/summary.json,256.0,1,/home/dev_srinidhi/sit-cpu-baseline/sit-cpu-baseline/Phase-2/tt_doc_runs/20260313_044130/cases/tt_loopback/run/trace.csv,loopback,tt_loopback,native
False,False,5,6.579553,none,matmul,0.000000,22.233697,0,0.838851,0.931562,1,/home/dev_srinidhi/sit-cpu-baseline/sit-cpu-baseline/Phase-2/tt_doc_runs/20260313_044130/cases/tt_matmul_multi/run/summary.json,256.0,1,/home/dev_srinidhi/sit-cpu-baseline/sit-cpu-baseline/Phase-2/tt_doc_runs/20260313_044130/cases/tt_matmul_multi/run/trace.csv,matmul,tt_matmul_multi,multi
False,False,6,1.102002,none,matmul,0.000000,98.693511,0,0.000000,0.000000,1,/home/dev_srinidhi/sit-cpu-baseline/sit-cpu-baseline/Phase-2/tt_doc_runs/20260313_044130/cases/tt_matmul_single/run/summary.json,256.0,1,/home/dev_srinidhi/sit-cpu-baseline/sit-cpu-baseline/Phase-2/tt_doc_runs/20260313_044130/cases/tt_matmul_single/run/trace.csv,matmul,tt_matmul_single,single
False,False,7,0.999710,none,streaming_stall_control,0.000000,100.000000,0,0.000000,0.000000,1,/home/dev_srinidhi/sit-cpu-baseline/sit-cpu-baseline/Phase-2/tt_doc_runs/20260313_044130/cases/tt_noc_transfer/run/summary.json,256.0,1,/home/dev_srinidhi/sit-cpu-baseline/sit-cpu-baseline/Phase-2/tt_doc_runs/20260313_044130/cases/tt_noc_transfer/run/trace.csv,streaming,tt_noc_transfer,native
False,False,8,1.001932,none,sfpu_proxy,0.000000,4.010317,0,0.959897,0.959897,1,/home/dev_srinidhi/sit-cpu-baseline/sit-cpu-baseline/Phase-2/tt_doc_runs/20260313_044130/cases/tt_sfpu_chain/run/summary.json,256.0,1,/home/dev_srinidhi/sit-cpu-baseline/sit-cpu-baseline/Phase-2/tt_doc_runs/20260313_044130/cases/tt_sfpu_chain/run/trace.csv,sfpu,tt_sfpu_chain,native
False,False,9,1.373273,none,streaming_proxy,0.000000,95.275720,0,0.042860,0.070076,1,/home/dev_srinidhi/sit-cpu-baseline/sit-cpu-baseline/Phase-2/tt_doc_runs/20260313_044130/cases/tt_vecadd/run/summary.json,256.0,1,/home/dev_srinidhi/sit-cpu-baseline/sit-cpu-baseline/Phase-2/tt_doc_runs/20260313_044130/cases/tt_vecadd/run/trace.csv,streaming,tt_vecadd,native
