start_us,end_us,core,state,work_done,pressure_flag
0.0,1.0,0,idle,0.0,0
1.0,2.0,0,active,0.0,0
2.0,6.0,0,stall,0.0,0
6.0,14.0,0,stall,0.0,0
14.0,15.0,0,active,1.0,0
15.0,16.0,0,active,1.0,0
16.0,17.0,0,active,1.0,0
17.0,18.0,0,active,1.0,0
18.0,19.0,0,active,1.0,0
19.0,20.0,0,active,1.0,0
20.0,21.0,0,active,0.0,0
21.0,29.0,0,stall,0.0,0
29.0,30.0,0,active,1.0,0
30.0,31.0,0,active,1.0,0
31.0,32.0,0,active,0.0,0
32.0,36.0,0,stall,0.0,0
36.0,37.0,0,active,1.0,0
37.0,38.0,0,active,1.0,0
38.0,39.0,0,active,1.0,0
39.0,40.0,0,active,0.0,0
40.0,48.0,0,stall,0.0,0
48.0,49.0,0,active,1.0,0
49.0,50.0,0,active,1.0,0
50.0,51.0,0,active,1.0,0
51.0,52.0,0,active,1.0,0
52.0,53.0,0,active,1.0,0
53.0,54.0,0,active,0.0,0
54.0,58.0,0,stall,0.0,0
58.0,59.0,0,active,0.0,0
59.0,67.0,0,stall,0.0,0
67.0,68.0,0,active,1.0,0
68.0,69.0,0,active,1.0,0
69.0,70.0,0,active,1.0,0
70.0,71.0,0,active,1.0,0
71.0,72.0,0,active,1.0,0
72.0,73.0,0,active,1.0,0
73.0,74.0,0,active,0.0,0
74.0,82.0,0,stall,0.0,0
82.0,83.0,0,active,1.0,0
83.0,84.0,0,active,0.0,0
84.0,88.0,0,stall,0.0,0
88.0,89.0,0,active,1.0,0
89.0,90.0,0,active,1.0,0
90.0,91.0,0,active,1.0,0
91.0,92.0,0,active,1.0,0
92.0,93.0,0,active,0.0,0
93.0,101.0,0,stall,0.0,0
101.0,102.0,0,active,1.0,0
102.0,103.0,0,active,1.0,0
103.0,104.0,0,active,1.0,0
104.0,105.0,0,active,1.0,0
105.0,106.0,0,active,0.0,0
106.0,110.0,0,stall,0.0,0
110.0,111.0,0,active,1.0,0
111.0,112.0,0,active,0.0,0
112.0,120.0,0,stall,0.0,0
120.0,121.0,0,active,1.0,0
121.0,122.0,0,active,1.0,0
122.0,123.0,0,active,1.0,0
123.0,124.0,0,active,1.0,0
124.0,125.0,0,active,1.0,0
125.0,126.0,0,active,1.0,0
126.0,127.0,0,active,0.0,0
127.0,135.0,0,stall,0.0,0
135.0,136.0,0,active,0.0,0
136.0,140.0,0,stall,0.0,0
140.0,141.0,0,active,1.0,0
141.0,142.0,0,active,1.0,0
142.0,143.0,0,active,1.0,0
143.0,144.0,0,active,1.0,0
144.0,145.0,0,active,1.0,0
145.0,146.0,0,active,0.0,0
146.0,154.0,0,stall,0.0,0
154.0,155.0,0,active,1.0,0
155.0,156.0,0,active,1.0,0
156.0,157.0,0,active,1.0,0
157.0,158.0,0,active,0.0,0
158.0,162.0,0,stall,0.0,0
162.0,163.0,0,active,1.0,0
163.0,164.0,0,active,1.0,0
164.0,165.0,0,active,0.0,0
165.0,173.0,0,stall,0.0,0
173.0,174.0,0,active,1.0,0
174.0,175.0,0,active,1.0,0
175.0,176.0,0,active,1.0,0
176.0,177.0,0,active,1.0,0
177.0,178.0,0,active,1.0,0
178.0,179.0,0,active,1.0,0
179.0,180.0,0,active,0.0,0
180.0,184.0,0,stall,0.0,0
184.0,192.0,0,stall,0.0,0
192.0,193.0,0,active,1.0,0
193.0,194.0,0,active,1.0,0
194.0,195.0,0,active,1.0,0
195.0,196.0,0,active,1.0,0
196.0,197.0,0,active,1.0,0
197.0,198.0,0,active,1.0,0
198.0,199.0,0,active,0.0,0
199.0,207.0,0,stall,0.0,0
207.0,208.0,0,active,1.0,0
208.0,209.0,0,active,1.0,0
209.0,210.0,0,active,0.0,0
210.0,214.0,0,stall,0.0,0
214.0,215.0,0,active,1.0,0
215.0,216.0,0,active,1.0,0
216.0,217.0,0,active,1.0,0
217.0,218.0,0,active,0.0,0
218.0,226.0,0,stall,0.0,0
226.0,227.0,0,active,1.0,0
227.0,228.0,0,active,1.0,0
228.0,229.0,0,active,1.0,0
229.0,230.0,0,active,1.0,0
230.0,231.0,0,active,1.0,0
231.0,232.0,0,active,0.0,0
232.0,236.0,0,stall,0.0,0
236.0,237.0,0,active,0.0,0
237.0,245.0,0,stall,0.0,0
245.0,246.0,0,active,1.0,0
246.0,247.0,0,active,1.0,0
247.0,248.0,0,active,1.0,0
248.0,249.0,0,active,1.0,0
249.0,250.0,0,active,1.0,0
250.0,251.0,0,active,1.0,0
251.0,252.0,0,active,0.0,0
252.0,260.0,0,stall,0.0,0
260.0,261.0,0,active,1.0,0
261.0,262.0,0,active,0.0,0
262.0,266.0,0,stall,0.0,0
266.0,267.0,0,active,1.0,0
267.0,268.0,0,active,1.0,0
268.0,269.0,0,active,1.0,0
269.0,270.0,0,active,1.0,0
270.0,271.0,0,active,0.0,0
271.0,279.0,0,stall,0.0,0
279.0,280.0,0,active,1.0,0
280.0,281.0,0,active,1.0,0
281.0,282.0,0,active,1.0,0
282.0,283.0,0,active,1.0,0
283.0,284.0,0,active,0.0,0
284.0,288.0,0,stall,0.0,0
288.0,289.0,0,active,1.0,0
289.0,290.0,0,active,0.0,0
290.0,298.0,0,stall,0.0,0
298.0,299.0,0,active,1.0,0
299.0,300.0,0,active,1.0,0
300.0,301.0,0,active,1.0,0
301.0,302.0,0,active,1.0,0
302.0,303.0,0,active,1.0,0
303.0,304.0,0,active,1.0,0
304.0,305.0,0,active,0.0,0
305.0,313.0,0,stall,0.0,0
313.0,314.0,0,active,0.0,0
314.0,318.0,0,stall,0.0,0
318.0,319.0,0,active,1.0,0
319.0,320.0,0,active,1.0,0
320.0,321.0,0,active,1.0,0
321.0,322.0,0,active,1.0,0
322.0,323.0,0,active,1.0,0
323.0,324.0,0,active,0.0,0
324.0,332.0,0,stall,0.0,0
332.0,333.0,0,active,1.0,0
333.0,334.0,0,active,1.0,0
334.0,335.0,0,active,1.0,0
335.0,336.0,0,active,0.0,0
336.0,340.0,0,stall,0.0,0
340.0,341.0,0,active,1.0,0
341.0,342.0,0,active,1.0,0
342.0,343.0,0,active,0.0,0
343.0,351.0,0,stall,0.0,0
351.0,352.0,0,active,1.0,0
352.0,353.0,0,active,1.0,0
353.0,354.0,0,active,1.0,0
354.0,355.0,0,active,1.0,0
355.0,356.0,0,active,1.0,0
356.0,357.0,0,active,1.0,0
357.0,358.0,0,active,0.0,0
358.0,362.0,0,stall,0.0,0
362.0,370.0,0,stall,0.0,0
370.0,371.0,0,active,1.0,0
371.0,372.0,0,active,1.0,0
372.0,373.0,0,active,1.0,0
373.0,374.0,0,active,1.0,0
374.0,375.0,0,active,1.0,0
375.0,376.0,0,active,1.0,0
376.0,377.0,0,active,0.0,0
377.0,385.0,0,stall,0.0,0
385.0,386.0,0,active,1.0,0
386.0,387.0,0,active,1.0,0
387.0,388.0,0,active,0.0,0
388.0,392.0,0,stall,0.0,0
392.0,393.0,0,active,1.0,0
393.0,394.0,0,active,1.0,0
394.0,395.0,0,active,1.0,0
395.0,396.0,0,active,0.0,0
396.0,404.0,0,stall,0.0,0
404.0,405.0,0,active,1.0,0
405.0,406.0,0,active,1.0,0
406.0,407.0,0,active,1.0,0
407.0,408.0,0,active,1.0,0
408.0,409.0,0,active,1.0,0
409.0,410.0,0,active,0.0,0
410.0,414.0,0,stall,0.0,0
414.0,415.0,0,active,0.0,0
415.0,423.0,0,stall,0.0,0
423.0,424.0,0,active,1.0,0
424.0,425.0,0,active,1.0,0
425.0,426.0,0,active,1.0,0
426.0,427.0,0,active,1.0,0
427.0,428.0,0,active,1.0,0
428.0,429.0,0,active,1.0,0
429.0,430.0,0,active,0.0,0
430.0,438.0,0,stall,0.0,0
438.0,439.0,0,active,1.0,0
439.0,440.0,0,active,0.0,0
440.0,444.0,0,stall,0.0,0
444.0,445.0,0,active,1.0,0
445.0,446.0,0,active,1.0,0
446.0,447.0,0,active,1.0,0
447.0,448.0,0,active,1.0,0
448.0,449.0,0,active,0.0,0
449.0,457.0,0,stall,0.0,0
457.0,458.0,0,active,1.0,0
458.0,459.0,0,active,1.0,0
459.0,460.0,0,active,1.0,0
460.0,461.0,0,active,1.0,0
461.0,462.0,0,active,0.0,0
462.0,466.0,0,stall,0.0,0
466.0,467.0,0,active,1.0,0
467.0,468.0,0,active,0.0,0
468.0,476.0,0,stall,0.0,0
476.0,477.0,0,active,1.0,0
477.0,478.0,0,active,1.0,0
478.0,479.0,0,active,1.0,0
479.0,480.0,0,active,1.0,0
480.0,481.0,0,active,1.0,0
481.0,482.0,0,active,1.0,0
482.0,483.0,0,active,0.0,0
483.0,491.0,0,stall,0.0,0
491.0,492.0,0,active,0.0,0
492.0,496.0,0,stall,0.0,0
496.0,497.0,0,active,1.0,0
497.0,498.0,0,active,1.0,0
498.0,499.0,0,active,1.0,0
499.0,500.0,0,active,1.0,0
500.0,501.0,0,active,1.0,0
501.0,502.0,0,active,0.0,0
502.0,510.0,0,stall,0.0,0
510.0,511.0,0,active,1.0,0
511.0,512.0,0,active,1.0,0
512.0,513.0,0,active,1.0,0
513.0,514.0,0,active,0.0,0
514.0,518.0,0,stall,0.0,0
518.0,519.0,0,active,1.0,0
519.0,520.0,0,active,1.0,0
520.0,521.0,0,active,0.0,0
521.0,529.0,0,stall,0.0,0
529.0,530.0,0,active,1.0,0
530.0,531.0,0,active,1.0,0
531.0,532.0,0,active,1.0,0
532.0,533.0,0,active,1.0,0
533.0,534.0,0,active,1.0,0
534.0,535.0,0,active,1.0,0
535.0,536.0,0,active,0.0,0
536.0,540.0,0,stall,0.0,0
540.0,548.0,0,stall,0.0,0
548.0,549.0,0,active,1.0,0
549.0,550.0,0,active,1.0,0
550.0,551.0,0,active,1.0,0
551.0,552.0,0,active,1.0,0
552.0,553.0,0,active,1.0,0
553.0,554.0,0,active,1.0,0
554.0,555.0,0,active,0.0,0
555.0,563.0,0,stall,0.0,0
563.0,564.0,0,active,1.0,0
564.0,565.0,0,active,1.0,0
565.0,566.0,0,active,0.0,0
566.0,570.0,0,stall,0.0,0
570.0,571.0,0,active,1.0,0
571.0,572.0,0,active,1.0,0
572.0,573.0,0,active,1.0,0
573.0,574.0,0,active,0.0,0
574.0,582.0,0,stall,0.0,0
582.0,583.0,0,active,1.0,0
583.0,584.0,0,active,1.0,0
584.0,585.0,0,active,1.0,0
585.0,586.0,0,active,1.0,0
586.0,587.0,0,active,1.0,0
587.0,588.0,0,active,0.0,0
588.0,592.0,0,stall,0.0,0
592.0,593.0,0,active,0.0,0
593.0,601.0,0,stall,0.0,0
601.0,602.0,0,active,1.0,0
602.0,603.0,0,active,1.0,0
603.0,604.0,0,active,1.0,0
604.0,605.0,0,active,1.0,0
605.0,606.0,0,active,1.0,0
606.0,607.0,0,active,1.0,0
607.0,608.0,0,active,0.0,0
608.0,616.0,0,stall,0.0,0
616.0,617.0,0,active,1.0,0
617.0,618.0,0,active,0.0,0
618.0,622.0,0,stall,0.0,0
622.0,623.0,0,active,1.0,0
623.0,624.0,0,active,1.0,0
624.0,625.0,0,active,1.0,0
625.0,626.0,0,active,1.0,0
626.0,627.0,0,active,0.0,0
627.0,635.0,0,stall,0.0,0
635.0,636.0,0,active,1.0,0
636.0,637.0,0,active,1.0,0
637.0,638.0,0,active,1.0,0
638.0,639.0,0,active,1.0,0
639.0,640.0,0,active,0.0,0
640.0,644.0,0,stall,0.0,0
644.0,645.0,0,active,1.0,0
645.0,646.0,0,active,0.0,0
646.0,654.0,0,stall,0.0,0
654.0,655.0,0,active,1.0,0
655.0,656.0,0,active,1.0,0
656.0,657.0,0,active,1.0,0
657.0,658.0,0,active,1.0,0
658.0,659.0,0,active,1.0,0
659.0,660.0,0,active,1.0,0
660.0,661.0,0,active,0.0,0
661.0,669.0,0,stall,0.0,0
669.0,670.0,0,active,0.0,0
670.0,674.0,0,stall,0.0,0
674.0,675.0,0,active,1.0,0
675.0,676.0,0,active,1.0,0
676.0,677.0,0,active,1.0,0
677.0,678.0,0,active,1.0,0
678.0,679.0,0,active,1.0,0
679.0,680.0,0,active,0.0,0
680.0,688.0,0,stall,0.0,0
688.0,689.0,0,active,1.0,0
689.0,690.0,0,active,1.0,0
690.0,691.0,0,active,1.0,0
691.0,692.0,0,active,0.0,0
692.0,696.0,0,stall,0.0,0
696.0,697.0,0,active,1.0,0
697.0,698.0,0,active,1.0,0
698.0,699.0,0,active,0.0,0
699.0,707.0,0,stall,0.0,0
707.0,708.0,0,active,1.0,0
708.0,709.0,0,active,1.0,0
709.0,710.0,0,active,1.0,0
710.0,711.0,0,active,1.0,0
711.0,712.0,0,active,1.0,0
712.0,713.0,0,active,1.0,0
713.0,714.0,0,active,0.0,0
714.0,718.0,0,stall,0.0,0
718.0,726.0,0,stall,0.0,0
726.0,727.0,0,active,1.0,0
727.0,728.0,0,active,1.0,0
728.0,729.0,0,active,1.0,0
729.0,730.0,0,active,1.0,0
730.0,731.0,0,active,1.0,0
731.0,732.0,0,active,1.0,0
732.0,733.0,0,active,0.0,0
733.0,741.0,0,stall,0.0,0
741.0,742.0,0,active,1.0,0
742.0,743.0,0,active,1.0,0
743.0,744.0,0,active,0.0,0
744.0,748.0,0,stall,0.0,0
748.0,749.0,0,active,1.0,0
749.0,750.0,0,active,1.0,0
750.0,751.0,0,active,1.0,0
751.0,752.0,0,active,0.0,0
752.0,760.0,0,stall,0.0,0
760.0,761.0,0,active,1.0,0
761.0,762.0,0,active,1.0,0
762.0,763.0,0,active,1.0,0
763.0,764.0,0,active,1.0,0
764.0,765.0,0,active,1.0,0
765.0,766.0,0,active,0.0,0
766.0,770.0,0,stall,0.0,0
770.0,771.0,0,active,0.0,0
771.0,779.0,0,stall,0.0,0
779.0,780.0,0,active,1.0,0
780.0,781.0,0,active,1.0,0
781.0,782.0,0,active,1.0,0
782.0,783.0,0,active,1.0,0
783.0,784.0,0,active,1.0,0
784.0,785.0,0,active,1.0,0
785.0,786.0,0,active,0.0,0
786.0,794.0,0,stall,0.0,0
794.0,795.0,0,active,1.0,0
795.0,796.0,0,active,0.0,0
796.0,800.0,0,stall,0.0,0
800.0,801.0,0,active,1.0,0
801.0,802.0,0,active,1.0,0
802.0,803.0,0,active,1.0,0
803.0,804.0,0,active,1.0,0
804.0,805.0,0,active,0.0,0
805.0,813.0,0,stall,0.0,0
813.0,814.0,0,active,1.0,0
814.0,815.0,0,active,1.0,0
815.0,816.0,0,active,1.0,0
816.0,817.0,0,active,1.0,0
817.0,818.0,0,active,0.0,0
818.0,822.0,0,stall,0.0,0
822.0,823.0,0,active,1.0,0
823.0,824.0,0,active,0.0,0
824.0,832.0,0,stall,0.0,0
832.0,833.0,0,active,1.0,0
833.0,834.0,0,active,1.0,0
834.0,835.0,0,active,1.0,0
835.0,836.0,0,active,1.0,0
836.0,837.0,0,active,1.0,0
837.0,838.0,0,active,1.0,0
838.0,839.0,0,active,0.0,0
839.0,847.0,0,stall,0.0,0
847.0,848.0,0,active,0.0,0
848.0,852.0,0,stall,0.0,0
852.0,853.0,0,active,1.0,0
853.0,854.0,0,active,1.0,0
854.0,855.0,0,active,1.0,0
855.0,856.0,0,active,1.0,0
856.0,857.0,0,active,1.0,0
857.0,858.0,0,active,0.0,0
858.0,866.0,0,stall,0.0,0
866.0,867.0,0,active,1.0,0
867.0,868.0,0,active,1.0,0
868.0,869.0,0,active,1.0,0
869.0,870.0,0,active,0.0,0
870.0,874.0,0,stall,0.0,0
874.0,875.0,0,active,1.0,0
875.0,876.0,0,active,1.0,0
876.0,877.0,0,active,0.0,0
877.0,885.0,0,stall,0.0,0
885.0,886.0,0,active,1.0,0
886.0,887.0,0,active,1.0,0
887.0,888.0,0,active,1.0,0
888.0,889.0,0,active,1.0,0
889.0,890.0,0,active,1.0,0
890.0,891.0,0,active,1.0,0
891.0,892.0,0,active,0.0,0
892.0,896.0,0,stall,0.0,0
896.0,904.0,0,stall,0.0,0
904.0,905.0,0,active,1.0,0
905.0,906.0,0,active,1.0,0
906.0,907.0,0,active,1.0,0
907.0,908.0,0,active,1.0,0
908.0,909.0,0,active,1.0,0
909.0,910.0,0,active,1.0,0
910.0,911.0,0,active,0.0,0
911.0,919.0,0,stall,0.0,0
919.0,920.0,0,active,1.0,0
920.0,921.0,0,active,1.0,0
921.0,922.0,0,active,0.0,0
922.0,926.0,0,stall,0.0,0
926.0,927.0,0,active,1.0,0
927.0,928.0,0,active,1.0,0
928.0,929.0,0,active,1.0,0
929.0,930.0,0,active,0.0,0
930.0,938.0,0,stall,0.0,0
938.0,939.0,0,active,1.0,0
939.0,940.0,0,active,1.0,0
940.0,941.0,0,active,1.0,0
941.0,942.0,0,active,1.0,0
942.0,943.0,0,active,1.0,0
943.0,944.0,0,active,0.0,0
944.0,948.0,0,stall,0.0,0
948.0,949.0,0,active,0.0,0
949.0,957.0,0,stall,0.0,0
957.0,958.0,0,active,1.0,0
958.0,959.0,0,active,1.0,0
959.0,960.0,0,active,1.0,0
960.0,961.0,0,active,1.0,0
961.0,962.0,0,active,1.0,0
962.0,963.0,0,active,1.0,0
963.0,964.0,0,active,0.0,0
964.0,972.0,0,stall,0.0,0
972.0,973.0,0,active,1.0,0
973.0,974.0,0,active,0.0,0
974.0,978.0,0,stall,0.0,0
978.0,979.0,0,active,1.0,0
979.0,980.0,0,active,1.0,0
980.0,981.0,0,active,1.0,0
981.0,982.0,0,active,1.0,0
982.0,983.0,0,active,0.0,0
983.0,991.0,0,stall,0.0,0
991.0,992.0,0,active,1.0,0
992.0,993.0,0,active,1.0,0
993.0,994.0,0,active,1.0,0
994.0,995.0,0,active,1.0,0
995.0,996.0,0,active,0.0,0
996.0,1000.0,0,stall,0.0,0
1000.0,1001.0,0,active,1.0,0
1001.0,1002.0,0,active,0.0,0
1002.0,1010.0,0,stall,0.0,0
1010.0,1011.0,0,active,1.0,0
1011.0,1012.0,0,active,1.0,0
1012.0,1013.0,0,active,1.0,0
1013.0,1014.0,0,active,1.0,0
1014.0,1015.0,0,active,1.0,0
1015.0,1016.0,0,active,1.0,0
1016.0,1017.0,0,active,0.0,0
1017.0,1025.0,0,stall,0.0,0
1025.0,1026.0,0,active,0.0,0
1026.0,1030.0,0,stall,0.0,0
1030.0,1031.0,0,active,1.0,0
1031.0,1032.0,0,active,1.0,0
1032.0,1033.0,0,active,1.0,0
1033.0,1034.0,0,active,1.0,0
1034.0,1035.0,0,active,1.0,0
1035.0,1036.0,0,active,0.0,0
1036.0,1044.0,0,stall,0.0,0
1044.0,1045.0,0,active,1.0,0
1045.0,1046.0,0,active,1.0,0
1046.0,1047.0,0,active,1.0,0
1047.0,1048.0,0,active,0.0,0
1048.0,1052.0,0,stall,0.0,0
1052.0,1053.0,0,active,1.0,0
1053.0,1054.0,0,active,1.0,0
1054.0,1055.0,0,active,0.0,0
1055.0,1063.0,0,stall,0.0,0
1063.0,1064.0,0,active,1.0,0
1064.0,1065.0,0,active,1.0,0
1065.0,1066.0,0,active,1.0,0
1066.0,1067.0,0,active,1.0,0
1067.0,1068.0,0,active,1.0,0
1068.0,1069.0,0,active,1.0,0
1069.0,1070.0,0,active,0.0,0
1070.0,1074.0,0,stall,0.0,0
1074.0,1082.0,0,stall,0.0,0
1082.0,1083.0,0,active,1.0,0
1083.0,1084.0,0,active,1.0,0
1084.0,1085.0,0,active,1.0,0
1085.0,1086.0,0,active,1.0,0
1086.0,1087.0,0,active,1.0,0
1087.0,1088.0,0,active,1.0,0
1088.0,1089.0,0,active,0.0,0
1089.0,1097.0,0,stall,0.0,0
1097.0,1098.0,0,active,1.0,0
1098.0,1099.0,0,active,1.0,0
1099.0,1100.0,0,active,0.0,0
1100.0,1104.0,0,stall,0.0,0
1104.0,1105.0,0,active,1.0,0
1105.0,1106.0,0,active,1.0,0
1106.0,1107.0,0,active,1.0,0
1107.0,1108.0,0,active,0.0,0
1108.0,1116.0,0,stall,0.0,0
1116.0,1117.0,0,active,1.0,0
1117.0,1118.0,0,active,1.0,0
1118.0,1119.0,0,active,1.0,0
1119.0,1120.0,0,active,1.0,0
1120.0,1121.0,0,active,1.0,0
1121.0,1122.0,0,active,0.0,0
1122.0,1126.0,0,stall,0.0,0
1126.0,1127.0,0,active,0.0,0
1127.0,1135.0,0,stall,0.0,0
1135.0,1136.0,0,active,1.0,0
1136.0,1137.0,0,active,1.0,0
1137.0,1138.0,0,active,1.0,0
1138.0,1139.0,0,active,1.0,0
1139.0,1140.0,0,active,1.0,0
1140.0,1141.0,0,active,1.0,0
1141.0,1142.0,0,active,0.0,0
1142.0,1150.0,0,stall,0.0,0
1150.0,1151.0,0,active,1.0,0
1151.0,1152.0,0,active,0.0,0
1152.0,1156.0,0,stall,0.0,0
1156.0,1157.0,0,active,1.0,0
1157.0,1158.0,0,active,1.0,0
1158.0,1159.0,0,active,1.0,0
1159.0,1160.0,0,active,1.0,0
1160.0,1161.0,0,active,0.0,0
1161.0,1169.0,0,stall,0.0,0
1169.0,1170.0,0,active,1.0,0
1170.0,1171.0,0,active,1.0,0
1171.0,1172.0,0,active,1.0,0
1172.0,1173.0,0,active,1.0,0
1173.0,1174.0,0,active,0.0,0
1174.0,1178.0,0,stall,0.0,0
1178.0,1179.0,0,active,1.0,0
1179.0,1180.0,0,active,0.0,0
1180.0,1188.0,0,stall,0.0,0
1188.0,1189.0,0,active,1.0,0
1189.0,1190.0,0,active,1.0,0
1190.0,1191.0,0,active,1.0,0
1191.0,1192.0,0,active,1.0,0
1192.0,1193.0,0,active,1.0,0
1193.0,1194.0,0,active,1.0,0
1194.0,1195.0,0,active,0.0,0
1195.0,1203.0,0,stall,0.0,0
1203.0,1204.0,0,active,0.0,0
1204.0,1208.0,0,stall,0.0,0
1208.0,1209.0,0,active,1.0,0
1209.0,1210.0,0,active,1.0,0
1210.0,1211.0,0,active,1.0,0
1211.0,1212.0,0,active,1.0,0
1212.0,1213.0,0,active,1.0,0
1213.0,1214.0,0,active,0.0,0
1214.0,1222.0,0,stall,0.0,0
1222.0,1223.0,0,active,1.0,0
1223.0,1224.0,0,active,1.0,0
1224.0,1225.0,0,active,1.0,0
1225.0,1226.0,0,active,0.0,0
1226.0,1230.0,0,stall,0.0,0
1230.0,1231.0,0,active,1.0,0
1231.0,1232.0,0,active,1.0,0
1232.0,1233.0,0,active,0.0,0
1233.0,1241.0,0,stall,0.0,0
1241.0,1242.0,0,active,1.0,0
1242.0,1243.0,0,active,1.0,0
1243.0,1244.0,0,active,1.0,0
1244.0,1245.0,0,active,1.0,0
1245.0,1246.0,0,active,1.0,0
1246.0,1247.0,0,active,1.0,0
1247.0,1248.0,0,active,0.0,0
1248.0,1252.0,0,stall,0.0,0
1252.0,1260.0,0,stall,0.0,0
1260.0,1261.0,0,active,1.0,0
1261.0,1262.0,0,active,1.0,0
1262.0,1263.0,0,active,1.0,0
1263.0,1264.0,0,active,1.0,0
1264.0,1265.0,0,active,1.0,0
1265.0,1266.0,0,active,1.0,0
1266.0,1267.0,0,active,0.0,0
1267.0,1275.0,0,stall,0.0,0
1275.0,1276.0,0,active,1.0,0
1276.0,1277.0,0,active,0.0,0
0.0,1.0,1,idle,0.0,0
1.0,2.0,1,active,0.0,0
2.0,6.0,1,stall,0.0,0
6.0,14.0,1,stall,0.0,0
14.0,15.0,1,active,1.0,0
15.0,16.0,1,active,1.0,0
16.0,17.0,1,active,1.0,0
17.0,18.0,1,active,1.0,0
18.0,19.0,1,active,1.0,0
19.0,20.0,1,active,1.0,0
20.0,21.0,1,active,0.0,0
21.0,29.0,1,stall,0.0,0
29.0,30.0,1,active,1.0,0
30.0,31.0,1,active,1.0,0
31.0,32.0,1,active,0.0,0
32.0,36.0,1,stall,0.0,0
36.0,37.0,1,active,1.0,0
37.0,38.0,1,active,1.0,0
38.0,39.0,1,active,1.0,0
39.0,40.0,1,active,0.0,0
40.0,48.0,1,stall,0.0,0
48.0,49.0,1,active,1.0,0
49.0,50.0,1,active,1.0,0
50.0,51.0,1,active,1.0,0
51.0,52.0,1,active,1.0,0
52.0,53.0,1,active,1.0,0
53.0,54.0,1,active,0.0,0
54.0,58.0,1,stall,0.0,0
58.0,59.0,1,active,0.0,0
59.0,67.0,1,stall,0.0,0
67.0,68.0,1,active,1.0,0
68.0,69.0,1,active,1.0,0
69.0,70.0,1,active,1.0,0
70.0,71.0,1,active,1.0,0
71.0,72.0,1,active,1.0,0
72.0,73.0,1,active,1.0,0
73.0,74.0,1,active,0.0,0
74.0,82.0,1,stall,0.0,0
82.0,83.0,1,active,1.0,0
83.0,84.0,1,active,0.0,0
84.0,88.0,1,stall,0.0,0
88.0,89.0,1,active,1.0,0
89.0,90.0,1,active,1.0,0
90.0,91.0,1,active,1.0,0
91.0,92.0,1,active,1.0,0
92.0,93.0,1,active,0.0,0
93.0,101.0,1,stall,0.0,0
101.0,102.0,1,active,1.0,0
102.0,103.0,1,active,1.0,0
103.0,104.0,1,active,1.0,0
104.0,105.0,1,active,1.0,0
105.0,106.0,1,active,0.0,0
106.0,110.0,1,stall,0.0,0
110.0,111.0,1,active,1.0,0
111.0,112.0,1,active,0.0,0
112.0,120.0,1,stall,0.0,0
120.0,121.0,1,active,1.0,0
121.0,122.0,1,active,1.0,0
122.0,123.0,1,active,1.0,0
123.0,124.0,1,active,1.0,0
124.0,125.0,1,active,1.0,0
125.0,126.0,1,active,1.0,0
126.0,127.0,1,active,0.0,0
127.0,135.0,1,stall,0.0,0
135.0,136.0,1,active,0.0,0
136.0,140.0,1,stall,0.0,0
140.0,141.0,1,active,1.0,0
141.0,142.0,1,active,1.0,0
142.0,143.0,1,active,1.0,0
143.0,144.0,1,active,1.0,0
144.0,145.0,1,active,1.0,0
145.0,146.0,1,active,0.0,0
146.0,154.0,1,stall,0.0,0
154.0,155.0,1,active,1.0,0
155.0,156.0,1,active,1.0,0
156.0,157.0,1,active,1.0,0
157.0,158.0,1,active,0.0,0
158.0,162.0,1,stall,0.0,0
162.0,163.0,1,active,1.0,0
163.0,164.0,1,active,1.0,0
164.0,165.0,1,active,0.0,0
165.0,173.0,1,stall,0.0,0
173.0,174.0,1,active,1.0,0
174.0,175.0,1,active,1.0,0
175.0,176.0,1,active,1.0,0
176.0,177.0,1,active,1.0,0
177.0,178.0,1,active,1.0,0
178.0,179.0,1,active,1.0,0
179.0,180.0,1,active,0.0,0
180.0,184.0,1,stall,0.0,0
184.0,192.0,1,stall,0.0,0
192.0,193.0,1,active,1.0,0
193.0,194.0,1,active,1.0,0
194.0,195.0,1,active,1.0,0
195.0,196.0,1,active,1.0,0
196.0,197.0,1,active,1.0,0
197.0,198.0,1,active,1.0,0
198.0,199.0,1,active,0.0,0
199.0,207.0,1,stall,0.0,0
207.0,208.0,1,active,1.0,0
208.0,209.0,1,active,1.0,0
209.0,210.0,1,active,0.0,0
210.0,214.0,1,stall,0.0,0
214.0,215.0,1,active,1.0,0
215.0,216.0,1,active,1.0,0
216.0,217.0,1,active,1.0,0
217.0,218.0,1,active,0.0,0
218.0,226.0,1,stall,0.0,0
226.0,227.0,1,active,1.0,0
227.0,228.0,1,active,1.0,0
228.0,229.0,1,active,1.0,0
229.0,230.0,1,active,1.0,0
230.0,231.0,1,active,1.0,0
231.0,232.0,1,active,0.0,0
232.0,236.0,1,stall,0.0,0
236.0,237.0,1,active,0.0,0
237.0,245.0,1,stall,0.0,0
245.0,246.0,1,active,1.0,0
246.0,247.0,1,active,1.0,0
247.0,248.0,1,active,1.0,0
248.0,249.0,1,active,1.0,0
249.0,250.0,1,active,1.0,0
250.0,251.0,1,active,1.0,0
251.0,252.0,1,active,0.0,0
252.0,260.0,1,stall,0.0,0
260.0,261.0,1,active,1.0,0
261.0,262.0,1,active,0.0,0
262.0,266.0,1,stall,0.0,0
266.0,267.0,1,active,1.0,0
267.0,268.0,1,active,1.0,0
268.0,269.0,1,active,1.0,0
269.0,270.0,1,active,1.0,0
270.0,271.0,1,active,0.0,0
271.0,279.0,1,stall,0.0,0
279.0,280.0,1,active,1.0,0
280.0,281.0,1,active,1.0,0
281.0,282.0,1,active,1.0,0
282.0,283.0,1,active,1.0,0
283.0,284.0,1,active,0.0,0
284.0,288.0,1,stall,0.0,0
288.0,289.0,1,active,1.0,0
289.0,290.0,1,active,0.0,0
290.0,298.0,1,stall,0.0,0
298.0,299.0,1,active,1.0,0
299.0,300.0,1,active,1.0,0
300.0,301.0,1,active,1.0,0
301.0,302.0,1,active,1.0,0
302.0,303.0,1,active,1.0,0
303.0,304.0,1,active,1.0,0
304.0,305.0,1,active,0.0,0
305.0,313.0,1,stall,0.0,0
313.0,314.0,1,active,0.0,0
314.0,318.0,1,stall,0.0,0
318.0,319.0,1,active,1.0,0
319.0,320.0,1,active,1.0,0
320.0,321.0,1,active,1.0,0
321.0,322.0,1,active,1.0,0
322.0,323.0,1,active,1.0,0
323.0,324.0,1,active,0.0,0
324.0,332.0,1,stall,0.0,0
332.0,333.0,1,active,1.0,0
333.0,334.0,1,active,1.0,0
334.0,335.0,1,active,1.0,0
335.0,336.0,1,active,0.0,0
336.0,340.0,1,stall,0.0,0
340.0,341.0,1,active,1.0,0
341.0,342.0,1,active,1.0,0
342.0,343.0,1,active,0.0,0
343.0,351.0,1,stall,0.0,0
351.0,352.0,1,active,1.0,0
352.0,353.0,1,active,1.0,0
353.0,354.0,1,active,1.0,0
354.0,355.0,1,active,1.0,0
355.0,356.0,1,active,1.0,0
356.0,357.0,1,active,1.0,0
357.0,358.0,1,active,0.0,0
358.0,362.0,1,stall,0.0,0
362.0,370.0,1,stall,0.0,0
370.0,371.0,1,active,1.0,0
371.0,372.0,1,active,1.0,0
372.0,373.0,1,active,1.0,0
373.0,374.0,1,active,1.0,0
374.0,375.0,1,active,1.0,0
375.0,376.0,1,active,1.0,0
376.0,377.0,1,active,0.0,0
377.0,385.0,1,stall,0.0,0
385.0,386.0,1,active,1.0,0
386.0,387.0,1,active,1.0,0
387.0,388.0,1,active,0.0,0
388.0,392.0,1,stall,0.0,0
392.0,393.0,1,active,1.0,0
393.0,394.0,1,active,1.0,0
394.0,395.0,1,active,1.0,0
395.0,396.0,1,active,0.0,0
396.0,404.0,1,stall,0.0,0
404.0,405.0,1,active,1.0,0
405.0,406.0,1,active,1.0,0
406.0,407.0,1,active,1.0,0
407.0,408.0,1,active,1.0,0
408.0,409.0,1,active,1.0,0
409.0,410.0,1,active,0.0,0
410.0,414.0,1,stall,0.0,0
414.0,415.0,1,active,0.0,0
415.0,423.0,1,stall,0.0,0
423.0,424.0,1,active,1.0,0
424.0,425.0,1,active,1.0,0
425.0,426.0,1,active,1.0,0
426.0,427.0,1,active,1.0,0
427.0,428.0,1,active,1.0,0
428.0,429.0,1,active,1.0,0
429.0,430.0,1,active,0.0,0
430.0,438.0,1,stall,0.0,0
438.0,439.0,1,active,1.0,0
439.0,440.0,1,active,0.0,0
440.0,444.0,1,stall,0.0,0
444.0,445.0,1,active,1.0,0
445.0,446.0,1,active,1.0,0
446.0,447.0,1,active,1.0,0
447.0,448.0,1,active,1.0,0
448.0,449.0,1,active,0.0,0
449.0,457.0,1,stall,0.0,0
457.0,458.0,1,active,1.0,0
458.0,459.0,1,active,1.0,0
459.0,460.0,1,active,1.0,0
460.0,461.0,1,active,1.0,0
461.0,462.0,1,active,0.0,0
462.0,466.0,1,stall,0.0,0
466.0,467.0,1,active,1.0,0
467.0,468.0,1,active,0.0,0
468.0,476.0,1,stall,0.0,0
476.0,477.0,1,active,1.0,0
477.0,478.0,1,active,1.0,0
478.0,479.0,1,active,1.0,0
479.0,480.0,1,active,1.0,0
480.0,481.0,1,active,1.0,0
481.0,482.0,1,active,1.0,0
482.0,483.0,1,active,0.0,0
483.0,491.0,1,stall,0.0,0
491.0,492.0,1,active,0.0,0
492.0,496.0,1,stall,0.0,0
496.0,497.0,1,active,1.0,0
497.0,498.0,1,active,1.0,0
498.0,499.0,1,active,1.0,0
499.0,500.0,1,active,1.0,0
500.0,501.0,1,active,1.0,0
501.0,502.0,1,active,0.0,0
502.0,510.0,1,stall,0.0,0
510.0,511.0,1,active,1.0,0
511.0,512.0,1,active,1.0,0
512.0,513.0,1,active,1.0,0
513.0,514.0,1,active,0.0,0
514.0,518.0,1,stall,0.0,0
518.0,519.0,1,active,1.0,0
519.0,520.0,1,active,1.0,0
520.0,521.0,1,active,0.0,0
521.0,529.0,1,stall,0.0,0
529.0,530.0,1,active,1.0,0
530.0,531.0,1,active,1.0,0
531.0,532.0,1,active,1.0,0
532.0,533.0,1,active,1.0,0
533.0,534.0,1,active,1.0,0
534.0,535.0,1,active,1.0,0
535.0,536.0,1,active,0.0,0
536.0,540.0,1,stall,0.0,0
540.0,548.0,1,stall,0.0,0
548.0,549.0,1,active,1.0,0
549.0,550.0,1,active,1.0,0
550.0,551.0,1,active,1.0,0
551.0,552.0,1,active,1.0,0
552.0,553.0,1,active,1.0,0
553.0,554.0,1,active,1.0,0
554.0,555.0,1,active,0.0,0
555.0,563.0,1,stall,0.0,0
563.0,564.0,1,active,1.0,0
564.0,565.0,1,active,1.0,0
565.0,566.0,1,active,0.0,0
566.0,570.0,1,stall,0.0,0
570.0,571.0,1,active,1.0,0
571.0,572.0,1,active,1.0,0
572.0,573.0,1,active,1.0,0
573.0,574.0,1,active,0.0,0
574.0,582.0,1,stall,0.0,0
582.0,583.0,1,active,1.0,0
583.0,584.0,1,active,1.0,0
584.0,585.0,1,active,1.0,0
585.0,586.0,1,active,1.0,0
586.0,587.0,1,active,1.0,0
587.0,588.0,1,active,0.0,0
588.0,592.0,1,stall,0.0,0
592.0,593.0,1,active,0.0,0
593.0,601.0,1,stall,0.0,0
601.0,602.0,1,active,1.0,0
602.0,603.0,1,active,1.0,0
603.0,604.0,1,active,1.0,0
604.0,605.0,1,active,1.0,0
605.0,606.0,1,active,1.0,0
606.0,607.0,1,active,1.0,0
607.0,608.0,1,active,0.0,0
608.0,616.0,1,stall,0.0,0
616.0,617.0,1,active,1.0,0
617.0,618.0,1,active,0.0,0
618.0,622.0,1,stall,0.0,0
622.0,623.0,1,active,1.0,0
623.0,624.0,1,active,1.0,0
624.0,625.0,1,active,1.0,0
625.0,626.0,1,active,1.0,0
626.0,627.0,1,active,0.0,0
627.0,635.0,1,stall,0.0,0
635.0,636.0,1,active,1.0,0
636.0,637.0,1,active,1.0,0
637.0,638.0,1,active,1.0,0
638.0,639.0,1,active,1.0,0
639.0,640.0,1,active,0.0,0
640.0,644.0,1,stall,0.0,0
644.0,645.0,1,active,1.0,0
645.0,646.0,1,active,0.0,0
646.0,654.0,1,stall,0.0,0
654.0,655.0,1,active,1.0,0
655.0,656.0,1,active,1.0,0
656.0,657.0,1,active,1.0,0
657.0,658.0,1,active,1.0,0
658.0,659.0,1,active,1.0,0
659.0,660.0,1,active,1.0,0
660.0,661.0,1,active,0.0,0
661.0,669.0,1,stall,0.0,0
669.0,670.0,1,active,0.0,0
670.0,674.0,1,stall,0.0,0
674.0,675.0,1,active,1.0,0
675.0,676.0,1,active,1.0,0
676.0,677.0,1,active,1.0,0
677.0,678.0,1,active,1.0,0
678.0,679.0,1,active,1.0,0
679.0,680.0,1,active,0.0,0
680.0,688.0,1,stall,0.0,0
688.0,689.0,1,active,1.0,0
689.0,690.0,1,active,1.0,0
690.0,691.0,1,active,1.0,0
691.0,692.0,1,active,0.0,0
692.0,696.0,1,stall,0.0,0
696.0,697.0,1,active,1.0,0
697.0,698.0,1,active,1.0,0
698.0,699.0,1,active,0.0,0
699.0,707.0,1,stall,0.0,0
707.0,708.0,1,active,1.0,0
708.0,709.0,1,active,1.0,0
709.0,710.0,1,active,1.0,0
710.0,711.0,1,active,1.0,0
711.0,712.0,1,active,1.0,0
712.0,713.0,1,active,1.0,0
713.0,714.0,1,active,0.0,0
714.0,718.0,1,stall,0.0,0
718.0,726.0,1,stall,0.0,0
726.0,727.0,1,active,1.0,0
727.0,728.0,1,active,1.0,0
728.0,729.0,1,active,1.0,0
729.0,730.0,1,active,1.0,0
730.0,731.0,1,active,1.0,0
731.0,732.0,1,active,1.0,0
732.0,733.0,1,active,0.0,0
733.0,741.0,1,stall,0.0,0
741.0,742.0,1,active,1.0,0
742.0,743.0,1,active,1.0,0
743.0,744.0,1,active,0.0,0
744.0,748.0,1,stall,0.0,0
748.0,749.0,1,active,1.0,0
749.0,750.0,1,active,1.0,0
750.0,751.0,1,active,1.0,0
751.0,752.0,1,active,0.0,0
752.0,760.0,1,stall,0.0,0
760.0,761.0,1,active,1.0,0
761.0,762.0,1,active,1.0,0
762.0,763.0,1,active,1.0,0
763.0,764.0,1,active,1.0,0
764.0,765.0,1,active,1.0,0
765.0,766.0,1,active,0.0,0
766.0,770.0,1,stall,0.0,0
770.0,771.0,1,active,0.0,0
771.0,779.0,1,stall,0.0,0
779.0,780.0,1,active,1.0,0
780.0,781.0,1,active,1.0,0
781.0,782.0,1,active,1.0,0
782.0,783.0,1,active,1.0,0
783.0,784.0,1,active,1.0,0
784.0,785.0,1,active,1.0,0
785.0,786.0,1,active,0.0,0
786.0,794.0,1,stall,0.0,0
794.0,795.0,1,active,1.0,0
795.0,796.0,1,active,0.0,0
796.0,800.0,1,stall,0.0,0
800.0,801.0,1,active,1.0,0
801.0,802.0,1,active,1.0,0
802.0,803.0,1,active,1.0,0
803.0,804.0,1,active,1.0,0
804.0,805.0,1,active,0.0,0
805.0,813.0,1,stall,0.0,0
813.0,814.0,1,active,1.0,0
814.0,815.0,1,active,1.0,0
815.0,816.0,1,active,1.0,0
816.0,817.0,1,active,1.0,0
817.0,818.0,1,active,0.0,0
818.0,822.0,1,stall,0.0,0
822.0,823.0,1,active,1.0,0
823.0,824.0,1,active,0.0,0
824.0,832.0,1,stall,0.0,0
832.0,833.0,1,active,1.0,0
833.0,834.0,1,active,1.0,0
834.0,835.0,1,active,1.0,0
835.0,836.0,1,active,1.0,0
836.0,837.0,1,active,1.0,0
837.0,838.0,1,active,1.0,0
838.0,839.0,1,active,0.0,0
839.0,847.0,1,stall,0.0,0
847.0,848.0,1,active,0.0,0
848.0,852.0,1,stall,0.0,0
852.0,853.0,1,active,1.0,0
853.0,854.0,1,active,1.0,0
854.0,855.0,1,active,1.0,0
855.0,856.0,1,active,1.0,0
856.0,857.0,1,active,1.0,0
857.0,858.0,1,active,0.0,0
858.0,866.0,1,stall,0.0,0
866.0,867.0,1,active,1.0,0
867.0,868.0,1,active,1.0,0
868.0,869.0,1,active,1.0,0
869.0,870.0,1,active,0.0,0
870.0,874.0,1,stall,0.0,0
874.0,875.0,1,active,1.0,0
875.0,876.0,1,active,1.0,0
876.0,877.0,1,active,0.0,0
877.0,885.0,1,stall,0.0,0
885.0,886.0,1,active,1.0,0
886.0,887.0,1,active,1.0,0
887.0,888.0,1,active,1.0,0
888.0,889.0,1,active,1.0,0
889.0,890.0,1,active,1.0,0
890.0,891.0,1,active,1.0,0
891.0,892.0,1,active,0.0,0
892.0,896.0,1,stall,0.0,0
896.0,904.0,1,stall,0.0,0
904.0,905.0,1,active,1.0,0
905.0,906.0,1,active,1.0,0
906.0,907.0,1,active,1.0,0
907.0,908.0,1,active,1.0,0
908.0,909.0,1,active,1.0,0
909.0,910.0,1,active,1.0,0
910.0,911.0,1,active,0.0,0
911.0,919.0,1,stall,0.0,0
919.0,920.0,1,active,1.0,0
920.0,921.0,1,active,1.0,0
921.0,922.0,1,active,0.0,0
922.0,926.0,1,stall,0.0,0
926.0,927.0,1,active,1.0,0
927.0,928.0,1,active,1.0,0
928.0,929.0,1,active,1.0,0
929.0,930.0,1,active,0.0,0
930.0,938.0,1,stall,0.0,0
938.0,939.0,1,active,1.0,0
939.0,940.0,1,active,1.0,0
940.0,941.0,1,active,1.0,0
941.0,942.0,1,active,1.0,0
942.0,943.0,1,active,1.0,0
943.0,944.0,1,active,0.0,0
944.0,948.0,1,stall,0.0,0
948.0,949.0,1,active,0.0,0
949.0,957.0,1,stall,0.0,0
957.0,958.0,1,active,1.0,0
958.0,959.0,1,active,1.0,0
959.0,960.0,1,active,1.0,0
960.0,961.0,1,active,1.0,0
961.0,962.0,1,active,1.0,0
962.0,963.0,1,active,1.0,0
963.0,964.0,1,active,0.0,0
964.0,972.0,1,stall,0.0,0
972.0,973.0,1,active,1.0,0
973.0,974.0,1,active,0.0,0
974.0,978.0,1,stall,0.0,0
978.0,979.0,1,active,1.0,0
979.0,980.0,1,active,1.0,0
980.0,981.0,1,active,1.0,0
981.0,982.0,1,active,1.0,0
982.0,983.0,1,active,0.0,0
983.0,991.0,1,stall,0.0,0
991.0,992.0,1,active,1.0,0
992.0,993.0,1,active,1.0,0
993.0,994.0,1,active,1.0,0
994.0,995.0,1,active,1.0,0
995.0,996.0,1,active,0.0,0
996.0,1000.0,1,stall,0.0,0
1000.0,1001.0,1,active,1.0,0
1001.0,1002.0,1,active,0.0,0
1002.0,1010.0,1,stall,0.0,0
1010.0,1011.0,1,active,1.0,0
1011.0,1012.0,1,active,1.0,0
1012.0,1013.0,1,active,1.0,0
1013.0,1014.0,1,active,1.0,0
1014.0,1015.0,1,active,1.0,0
1015.0,1016.0,1,active,1.0,0
1016.0,1017.0,1,active,0.0,0
1017.0,1025.0,1,stall,0.0,0
1025.0,1026.0,1,active,0.0,0
1026.0,1030.0,1,stall,0.0,0
1030.0,1031.0,1,active,1.0,0
1031.0,1032.0,1,active,1.0,0
1032.0,1033.0,1,active,1.0,0
1033.0,1034.0,1,active,1.0,0
1034.0,1035.0,1,active,1.0,0
1035.0,1036.0,1,active,0.0,0
1036.0,1044.0,1,stall,0.0,0
1044.0,1045.0,1,active,1.0,0
1045.0,1046.0,1,active,1.0,0
1046.0,1047.0,1,active,1.0,0
1047.0,1048.0,1,active,0.0,0
1048.0,1052.0,1,stall,0.0,0
1052.0,1053.0,1,active,1.0,0
1053.0,1054.0,1,active,1.0,0
1054.0,1055.0,1,active,0.0,0
1055.0,1063.0,1,stall,0.0,0
1063.0,1064.0,1,active,1.0,0
1064.0,1065.0,1,active,1.0,0
1065.0,1066.0,1,active,1.0,0
1066.0,1067.0,1,active,1.0,0
1067.0,1068.0,1,active,1.0,0
1068.0,1069.0,1,active,1.0,0
1069.0,1070.0,1,active,0.0,0
1070.0,1074.0,1,stall,0.0,0
1074.0,1082.0,1,stall,0.0,0
1082.0,1083.0,1,active,1.0,0
1083.0,1084.0,1,active,1.0,0
1084.0,1085.0,1,active,1.0,0
1085.0,1086.0,1,active,1.0,0
1086.0,1087.0,1,active,1.0,0
1087.0,1088.0,1,active,1.0,0
1088.0,1089.0,1,active,0.0,0
1089.0,1097.0,1,stall,0.0,0
1097.0,1098.0,1,active,1.0,0
1098.0,1099.0,1,active,1.0,0
1099.0,1100.0,1,active,0.0,0
1100.0,1104.0,1,stall,0.0,0
1104.0,1105.0,1,active,1.0,0
1105.0,1106.0,1,active,1.0,0
1106.0,1107.0,1,active,1.0,0
1107.0,1108.0,1,active,0.0,0
1108.0,1116.0,1,stall,0.0,0
1116.0,1117.0,1,active,1.0,0
1117.0,1118.0,1,active,1.0,0
1118.0,1119.0,1,active,1.0,0
1119.0,1120.0,1,active,1.0,0
1120.0,1121.0,1,active,1.0,0
1121.0,1122.0,1,active,0.0,0
1122.0,1126.0,1,stall,0.0,0
1126.0,1127.0,1,active,0.0,0
1127.0,1135.0,1,stall,0.0,0
1135.0,1136.0,1,active,1.0,0
1136.0,1137.0,1,active,1.0,0
1137.0,1138.0,1,active,1.0,0
1138.0,1139.0,1,active,1.0,0
1139.0,1140.0,1,active,1.0,0
1140.0,1141.0,1,active,1.0,0
1141.0,1142.0,1,active,0.0,0
1142.0,1150.0,1,stall,0.0,0
1150.0,1151.0,1,active,1.0,0
1151.0,1152.0,1,active,0.0,0
1152.0,1156.0,1,stall,0.0,0
1156.0,1157.0,1,active,1.0,0
1157.0,1158.0,1,active,1.0,0
1158.0,1159.0,1,active,1.0,0
1159.0,1160.0,1,active,1.0,0
1160.0,1161.0,1,active,0.0,0
1161.0,1169.0,1,stall,0.0,0
1169.0,1170.0,1,active,1.0,0
1170.0,1171.0,1,active,1.0,0
1171.0,1172.0,1,active,1.0,0
1172.0,1173.0,1,active,1.0,0
1173.0,1174.0,1,active,0.0,0
1174.0,1178.0,1,stall,0.0,0
1178.0,1179.0,1,active,1.0,0
1179.0,1180.0,1,active,0.0,0
1180.0,1188.0,1,stall,0.0,0
1188.0,1189.0,1,active,1.0,0
1189.0,1190.0,1,active,1.0,0
1190.0,1191.0,1,active,1.0,0
1191.0,1192.0,1,active,1.0,0
1192.0,1193.0,1,active,1.0,0
1193.0,1194.0,1,active,1.0,0
1194.0,1195.0,1,active,0.0,0
1195.0,1203.0,1,stall,0.0,0
1203.0,1204.0,1,active,0.0,0
1204.0,1208.0,1,stall,0.0,0
1208.0,1209.0,1,active,1.0,0
1209.0,1210.0,1,active,1.0,0
1210.0,1211.0,1,active,1.0,0
1211.0,1212.0,1,active,1.0,0
1212.0,1213.0,1,active,1.0,0
1213.0,1214.0,1,active,0.0,0
1214.0,1222.0,1,stall,0.0,0
1222.0,1223.0,1,active,1.0,0
1223.0,1224.0,1,active,1.0,0
1224.0,1225.0,1,active,1.0,0
1225.0,1226.0,1,active,0.0,0
1226.0,1230.0,1,stall,0.0,0
1230.0,1231.0,1,active,1.0,0
1231.0,1232.0,1,active,1.0,0
1232.0,1233.0,1,active,0.0,0
1233.0,1241.0,1,stall,0.0,0
1241.0,1242.0,1,active,1.0,0
1242.0,1243.0,1,active,1.0,0
1243.0,1244.0,1,active,1.0,0
1244.0,1245.0,1,active,1.0,0
1245.0,1246.0,1,active,1.0,0
1246.0,1247.0,1,active,1.0,0
1247.0,1248.0,1,active,0.0,0
1248.0,1252.0,1,stall,0.0,0
1252.0,1260.0,1,stall,0.0,0
1260.0,1261.0,1,active,1.0,0
1261.0,1262.0,1,active,1.0,0
1262.0,1263.0,1,active,1.0,0
1263.0,1264.0,1,active,1.0,0
1264.0,1265.0,1,active,1.0,0
1265.0,1266.0,1,active,1.0,0
1266.0,1267.0,1,active,0.0,0
1267.0,1275.0,1,stall,0.0,0
1275.0,1276.0,1,active,1.0,0
1276.0,1277.0,1,active,0.0,0
0.0,1.0,2,idle,0.0,0
1.0,2.0,2,active,0.0,0
2.0,6.0,2,stall,0.0,0
6.0,14.0,2,stall,0.0,0
14.0,15.0,2,active,1.0,0
15.0,16.0,2,active,1.0,0
16.0,17.0,2,active,1.0,0
17.0,18.0,2,active,1.0,0
18.0,19.0,2,active,1.0,0
19.0,20.0,2,active,1.0,0
20.0,21.0,2,active,0.0,0
21.0,29.0,2,stall,0.0,0
29.0,30.0,2,active,1.0,0
30.0,31.0,2,active,1.0,0
31.0,32.0,2,active,0.0,0
32.0,36.0,2,stall,0.0,0
36.0,37.0,2,active,1.0,0
37.0,38.0,2,active,1.0,0
38.0,39.0,2,active,1.0,0
39.0,40.0,2,active,0.0,0
40.0,48.0,2,stall,0.0,0
48.0,49.0,2,active,1.0,0
49.0,50.0,2,active,1.0,0
50.0,51.0,2,active,1.0,0
51.0,52.0,2,active,1.0,0
52.0,53.0,2,active,1.0,0
53.0,54.0,2,active,0.0,0
54.0,58.0,2,stall,0.0,0
58.0,59.0,2,active,0.0,0
59.0,67.0,2,stall,0.0,0
67.0,68.0,2,active,1.0,0
68.0,69.0,2,active,1.0,0
69.0,70.0,2,active,1.0,0
70.0,71.0,2,active,1.0,0
71.0,72.0,2,active,1.0,0
72.0,73.0,2,active,1.0,0
73.0,74.0,2,active,0.0,0
74.0,82.0,2,stall,0.0,0
82.0,83.0,2,active,1.0,0
83.0,84.0,2,active,0.0,0
84.0,88.0,2,stall,0.0,0
88.0,89.0,2,active,1.0,0
89.0,90.0,2,active,1.0,0
90.0,91.0,2,active,1.0,0
91.0,92.0,2,active,1.0,0
92.0,93.0,2,active,0.0,0
93.0,101.0,2,stall,0.0,0
101.0,102.0,2,active,1.0,0
102.0,103.0,2,active,1.0,0
103.0,104.0,2,active,1.0,0
104.0,105.0,2,active,1.0,0
105.0,106.0,2,active,0.0,0
106.0,110.0,2,stall,0.0,0
110.0,111.0,2,active,1.0,0
111.0,112.0,2,active,0.0,0
112.0,120.0,2,stall,0.0,0
120.0,121.0,2,active,1.0,0
121.0,122.0,2,active,1.0,0
122.0,123.0,2,active,1.0,0
123.0,124.0,2,active,1.0,0
124.0,125.0,2,active,1.0,0
125.0,126.0,2,active,1.0,0
126.0,127.0,2,active,0.0,0
127.0,135.0,2,stall,0.0,0
135.0,136.0,2,active,0.0,0
136.0,140.0,2,stall,0.0,0
140.0,141.0,2,active,1.0,0
141.0,142.0,2,active,1.0,0
142.0,143.0,2,active,1.0,0
143.0,144.0,2,active,1.0,0
144.0,145.0,2,active,1.0,0
145.0,146.0,2,active,0.0,0
146.0,154.0,2,stall,0.0,0
154.0,155.0,2,active,1.0,0
155.0,156.0,2,active,1.0,0
156.0,157.0,2,active,1.0,0
157.0,158.0,2,active,0.0,0
158.0,162.0,2,stall,0.0,0
162.0,163.0,2,active,1.0,0
163.0,164.0,2,active,1.0,0
164.0,165.0,2,active,0.0,0
165.0,173.0,2,stall,0.0,0
173.0,174.0,2,active,1.0,0
174.0,175.0,2,active,1.0,0
175.0,176.0,2,active,1.0,0
176.0,177.0,2,active,1.0,0
177.0,178.0,2,active,1.0,0
178.0,179.0,2,active,1.0,0
179.0,180.0,2,active,0.0,0
180.0,184.0,2,stall,0.0,0
184.0,192.0,2,stall,0.0,0
192.0,193.0,2,active,1.0,0
193.0,194.0,2,active,1.0,0
194.0,195.0,2,active,1.0,0
195.0,196.0,2,active,1.0,0
196.0,197.0,2,active,1.0,0
197.0,198.0,2,active,1.0,0
198.0,199.0,2,active,0.0,0
199.0,207.0,2,stall,0.0,0
207.0,208.0,2,active,1.0,0
208.0,209.0,2,active,1.0,0
209.0,210.0,2,active,0.0,0
210.0,214.0,2,stall,0.0,0
214.0,215.0,2,active,1.0,0
215.0,216.0,2,active,1.0,0
216.0,217.0,2,active,1.0,0
217.0,218.0,2,active,0.0,0
218.0,226.0,2,stall,0.0,0
226.0,227.0,2,active,1.0,0
227.0,228.0,2,active,1.0,0
228.0,229.0,2,active,1.0,0
229.0,230.0,2,active,1.0,0
230.0,231.0,2,active,1.0,0
231.0,232.0,2,active,0.0,0
232.0,236.0,2,stall,0.0,0
236.0,237.0,2,active,0.0,0
237.0,245.0,2,stall,0.0,0
245.0,246.0,2,active,1.0,0
246.0,247.0,2,active,1.0,0
247.0,248.0,2,active,1.0,0
248.0,249.0,2,active,1.0,0
249.0,250.0,2,active,1.0,0
250.0,251.0,2,active,1.0,0
251.0,252.0,2,active,0.0,0
252.0,260.0,2,stall,0.0,0
260.0,261.0,2,active,1.0,0
261.0,262.0,2,active,0.0,0
262.0,266.0,2,stall,0.0,0
266.0,267.0,2,active,1.0,0
267.0,268.0,2,active,1.0,0
268.0,269.0,2,active,1.0,0
269.0,270.0,2,active,1.0,0
270.0,271.0,2,active,0.0,0
271.0,279.0,2,stall,0.0,0
279.0,280.0,2,active,1.0,0
280.0,281.0,2,active,1.0,0
281.0,282.0,2,active,1.0,0
282.0,283.0,2,active,1.0,0
283.0,284.0,2,active,0.0,0
284.0,288.0,2,stall,0.0,0
288.0,289.0,2,active,1.0,0
289.0,290.0,2,active,0.0,0
290.0,298.0,2,stall,0.0,0
298.0,299.0,2,active,1.0,0
299.0,300.0,2,active,1.0,0
300.0,301.0,2,active,1.0,0
301.0,302.0,2,active,1.0,0
302.0,303.0,2,active,1.0,0
303.0,304.0,2,active,1.0,0
304.0,305.0,2,active,0.0,0
305.0,313.0,2,stall,0.0,0
313.0,314.0,2,active,0.0,0
314.0,318.0,2,stall,0.0,0
318.0,319.0,2,active,1.0,0
319.0,320.0,2,active,1.0,0
320.0,321.0,2,active,1.0,0
321.0,322.0,2,active,1.0,0
322.0,323.0,2,active,1.0,0
323.0,324.0,2,active,0.0,0
324.0,332.0,2,stall,0.0,0
332.0,333.0,2,active,1.0,0
333.0,334.0,2,active,1.0,0
334.0,335.0,2,active,1.0,0
335.0,336.0,2,active,0.0,0
336.0,340.0,2,stall,0.0,0
340.0,341.0,2,active,1.0,0
341.0,342.0,2,active,1.0,0
342.0,343.0,2,active,0.0,0
343.0,351.0,2,stall,0.0,0
351.0,352.0,2,active,1.0,0
352.0,353.0,2,active,1.0,0
353.0,354.0,2,active,1.0,0
354.0,355.0,2,active,1.0,0
355.0,356.0,2,active,1.0,0
356.0,357.0,2,active,1.0,0
357.0,358.0,2,active,0.0,0
358.0,362.0,2,stall,0.0,0
362.0,370.0,2,stall,0.0,0
370.0,371.0,2,active,1.0,0
371.0,372.0,2,active,1.0,0
372.0,373.0,2,active,1.0,0
373.0,374.0,2,active,1.0,0
374.0,375.0,2,active,1.0,0
375.0,376.0,2,active,1.0,0
376.0,377.0,2,active,0.0,0
377.0,385.0,2,stall,0.0,0
385.0,386.0,2,active,1.0,0
386.0,387.0,2,active,1.0,0
387.0,388.0,2,active,0.0,0
388.0,392.0,2,stall,0.0,0
392.0,393.0,2,active,1.0,0
393.0,394.0,2,active,1.0,0
394.0,395.0,2,active,1.0,0
395.0,396.0,2,active,0.0,0
396.0,404.0,2,stall,0.0,0
404.0,405.0,2,active,1.0,0
405.0,406.0,2,active,1.0,0
406.0,407.0,2,active,1.0,0
407.0,408.0,2,active,1.0,0
408.0,409.0,2,active,1.0,0
409.0,410.0,2,active,0.0,0
410.0,414.0,2,stall,0.0,0
414.0,415.0,2,active,0.0,0
415.0,423.0,2,stall,0.0,0
423.0,424.0,2,active,1.0,0
424.0,425.0,2,active,1.0,0
425.0,426.0,2,active,1.0,0
426.0,427.0,2,active,1.0,0
427.0,428.0,2,active,1.0,0
428.0,429.0,2,active,1.0,0
429.0,430.0,2,active,0.0,0
430.0,438.0,2,stall,0.0,0
438.0,439.0,2,active,1.0,0
439.0,440.0,2,active,0.0,0
440.0,444.0,2,stall,0.0,0
444.0,445.0,2,active,1.0,0
445.0,446.0,2,active,1.0,0
446.0,447.0,2,active,1.0,0
447.0,448.0,2,active,1.0,0
448.0,449.0,2,active,0.0,0
449.0,457.0,2,stall,0.0,0
457.0,458.0,2,active,1.0,0
458.0,459.0,2,active,1.0,0
459.0,460.0,2,active,1.0,0
460.0,461.0,2,active,1.0,0
461.0,462.0,2,active,0.0,0
462.0,466.0,2,stall,0.0,0
466.0,467.0,2,active,1.0,0
467.0,468.0,2,active,0.0,0
468.0,476.0,2,stall,0.0,0
476.0,477.0,2,active,1.0,0
477.0,478.0,2,active,1.0,0
478.0,479.0,2,active,1.0,0
479.0,480.0,2,active,1.0,0
480.0,481.0,2,active,1.0,0
481.0,482.0,2,active,1.0,0
482.0,483.0,2,active,0.0,0
483.0,491.0,2,stall,0.0,0
491.0,492.0,2,active,0.0,0
492.0,496.0,2,stall,0.0,0
496.0,497.0,2,active,1.0,0
497.0,498.0,2,active,1.0,0
498.0,499.0,2,active,1.0,0
499.0,500.0,2,active,1.0,0
500.0,501.0,2,active,1.0,0
501.0,502.0,2,active,0.0,0
502.0,510.0,2,stall,0.0,0
510.0,511.0,2,active,1.0,0
511.0,512.0,2,active,1.0,0
512.0,513.0,2,active,1.0,0
513.0,514.0,2,active,0.0,0
514.0,518.0,2,stall,0.0,0
518.0,519.0,2,active,1.0,0
519.0,520.0,2,active,1.0,0
520.0,521.0,2,active,0.0,0
521.0,529.0,2,stall,0.0,0
529.0,530.0,2,active,1.0,0
530.0,531.0,2,active,1.0,0
531.0,532.0,2,active,1.0,0
532.0,533.0,2,active,1.0,0
533.0,534.0,2,active,1.0,0
534.0,535.0,2,active,1.0,0
535.0,536.0,2,active,0.0,0
536.0,540.0,2,stall,0.0,0
540.0,548.0,2,stall,0.0,0
548.0,549.0,2,active,1.0,0
549.0,550.0,2,active,1.0,0
550.0,551.0,2,active,1.0,0
551.0,552.0,2,active,1.0,0
552.0,553.0,2,active,1.0,0
553.0,554.0,2,active,1.0,0
554.0,555.0,2,active,0.0,0
555.0,563.0,2,stall,0.0,0
563.0,564.0,2,active,1.0,0
564.0,565.0,2,active,1.0,0
565.0,566.0,2,active,0.0,0
566.0,570.0,2,stall,0.0,0
570.0,571.0,2,active,1.0,0
571.0,572.0,2,active,1.0,0
572.0,573.0,2,active,1.0,0
573.0,574.0,2,active,0.0,0
574.0,582.0,2,stall,0.0,0
582.0,583.0,2,active,1.0,0
583.0,584.0,2,active,1.0,0
584.0,585.0,2,active,1.0,0
585.0,586.0,2,active,1.0,0
586.0,587.0,2,active,1.0,0
587.0,588.0,2,active,0.0,0
588.0,592.0,2,stall,0.0,0
592.0,593.0,2,active,0.0,0
593.0,601.0,2,stall,0.0,0
601.0,602.0,2,active,1.0,0
602.0,603.0,2,active,1.0,0
603.0,604.0,2,active,1.0,0
604.0,605.0,2,active,1.0,0
605.0,606.0,2,active,1.0,0
606.0,607.0,2,active,1.0,0
607.0,608.0,2,active,0.0,0
608.0,616.0,2,stall,0.0,0
616.0,617.0,2,active,1.0,0
617.0,618.0,2,active,0.0,0
618.0,622.0,2,stall,0.0,0
622.0,623.0,2,active,1.0,0
623.0,624.0,2,active,1.0,0
624.0,625.0,2,active,1.0,0
625.0,626.0,2,active,1.0,0
626.0,627.0,2,active,0.0,0
627.0,635.0,2,stall,0.0,0
635.0,636.0,2,active,1.0,0
636.0,637.0,2,active,1.0,0
637.0,638.0,2,active,1.0,0
638.0,639.0,2,active,1.0,0
639.0,640.0,2,active,0.0,0
640.0,644.0,2,stall,0.0,0
644.0,645.0,2,active,1.0,0
645.0,646.0,2,active,0.0,0
646.0,654.0,2,stall,0.0,0
654.0,655.0,2,active,1.0,0
655.0,656.0,2,active,1.0,0
656.0,657.0,2,active,1.0,0
657.0,658.0,2,active,1.0,0
658.0,659.0,2,active,1.0,0
659.0,660.0,2,active,1.0,0
660.0,661.0,2,active,0.0,0
661.0,669.0,2,stall,0.0,0
669.0,670.0,2,active,0.0,0
670.0,674.0,2,stall,0.0,0
674.0,675.0,2,active,1.0,0
675.0,676.0,2,active,1.0,0
676.0,677.0,2,active,1.0,0
677.0,678.0,2,active,1.0,0
678.0,679.0,2,active,1.0,0
679.0,680.0,2,active,0.0,0
680.0,688.0,2,stall,0.0,0
688.0,689.0,2,active,1.0,0
689.0,690.0,2,active,1.0,0
690.0,691.0,2,active,1.0,0
691.0,692.0,2,active,0.0,0
692.0,696.0,2,stall,0.0,0
696.0,697.0,2,active,1.0,0
697.0,698.0,2,active,1.0,0
698.0,699.0,2,active,0.0,0
699.0,707.0,2,stall,0.0,0
707.0,708.0,2,active,1.0,0
708.0,709.0,2,active,1.0,0
709.0,710.0,2,active,1.0,0
710.0,711.0,2,active,1.0,0
711.0,712.0,2,active,1.0,0
712.0,713.0,2,active,1.0,0
713.0,714.0,2,active,0.0,0
714.0,718.0,2,stall,0.0,0
718.0,726.0,2,stall,0.0,0
726.0,727.0,2,active,1.0,0
727.0,728.0,2,active,1.0,0
728.0,729.0,2,active,1.0,0
729.0,730.0,2,active,1.0,0
730.0,731.0,2,active,1.0,0
731.0,732.0,2,active,1.0,0
732.0,733.0,2,active,0.0,0
733.0,741.0,2,stall,0.0,0
741.0,742.0,2,active,1.0,0
742.0,743.0,2,active,1.0,0
743.0,744.0,2,active,0.0,0
744.0,748.0,2,stall,0.0,0
748.0,749.0,2,active,1.0,0
749.0,750.0,2,active,1.0,0
750.0,751.0,2,active,1.0,0
751.0,752.0,2,active,0.0,0
752.0,760.0,2,stall,0.0,0
760.0,761.0,2,active,1.0,0
761.0,762.0,2,active,1.0,0
762.0,763.0,2,active,1.0,0
763.0,764.0,2,active,1.0,0
764.0,765.0,2,active,1.0,0
765.0,766.0,2,active,0.0,0
766.0,770.0,2,stall,0.0,0
770.0,771.0,2,active,0.0,0
771.0,779.0,2,stall,0.0,0
779.0,780.0,2,active,1.0,0
780.0,781.0,2,active,1.0,0
781.0,782.0,2,active,1.0,0
782.0,783.0,2,active,1.0,0
783.0,784.0,2,active,1.0,0
784.0,785.0,2,active,1.0,0
785.0,786.0,2,active,0.0,0
786.0,794.0,2,stall,0.0,0
794.0,795.0,2,active,1.0,0
795.0,796.0,2,active,0.0,0
796.0,800.0,2,stall,0.0,0
800.0,801.0,2,active,1.0,0
801.0,802.0,2,active,1.0,0
802.0,803.0,2,active,1.0,0
803.0,804.0,2,active,1.0,0
804.0,805.0,2,active,0.0,0
805.0,813.0,2,stall,0.0,0
813.0,814.0,2,active,1.0,0
814.0,815.0,2,active,1.0,0
815.0,816.0,2,active,1.0,0
816.0,817.0,2,active,1.0,0
817.0,818.0,2,active,0.0,0
818.0,822.0,2,stall,0.0,0
822.0,823.0,2,active,1.0,0
823.0,824.0,2,active,0.0,0
824.0,832.0,2,stall,0.0,0
832.0,833.0,2,active,1.0,0
833.0,834.0,2,active,1.0,0
834.0,835.0,2,active,1.0,0
835.0,836.0,2,active,1.0,0
836.0,837.0,2,active,1.0,0
837.0,838.0,2,active,1.0,0
838.0,839.0,2,active,0.0,0
839.0,847.0,2,stall,0.0,0
847.0,848.0,2,active,0.0,0
848.0,852.0,2,stall,0.0,0
852.0,853.0,2,active,1.0,0
853.0,854.0,2,active,1.0,0
854.0,855.0,2,active,1.0,0
855.0,856.0,2,active,1.0,0
856.0,857.0,2,active,1.0,0
857.0,858.0,2,active,0.0,0
858.0,866.0,2,stall,0.0,0
866.0,867.0,2,active,1.0,0
867.0,868.0,2,active,1.0,0
868.0,869.0,2,active,1.0,0
869.0,870.0,2,active,0.0,0
870.0,874.0,2,stall,0.0,0
874.0,875.0,2,active,1.0,0
875.0,876.0,2,active,1.0,0
876.0,877.0,2,active,0.0,0
877.0,885.0,2,stall,0.0,0
885.0,886.0,2,active,1.0,0
886.0,887.0,2,active,1.0,0
887.0,888.0,2,active,1.0,0
888.0,889.0,2,active,1.0,0
889.0,890.0,2,active,1.0,0
890.0,891.0,2,active,1.0,0
891.0,892.0,2,active,0.0,0
892.0,896.0,2,stall,0.0,0
896.0,904.0,2,stall,0.0,0
904.0,905.0,2,active,1.0,0
905.0,906.0,2,active,1.0,0
906.0,907.0,2,active,1.0,0
907.0,908.0,2,active,1.0,0
908.0,909.0,2,active,1.0,0
909.0,910.0,2,active,1.0,0
910.0,911.0,2,active,0.0,0
911.0,919.0,2,stall,0.0,0
919.0,920.0,2,active,1.0,0
920.0,921.0,2,active,1.0,0
921.0,922.0,2,active,0.0,0
922.0,926.0,2,stall,0.0,0
926.0,927.0,2,active,1.0,0
927.0,928.0,2,active,1.0,0
928.0,929.0,2,active,1.0,0
929.0,930.0,2,active,0.0,0
930.0,938.0,2,stall,0.0,0
938.0,939.0,2,active,1.0,0
939.0,940.0,2,active,1.0,0
940.0,941.0,2,active,1.0,0
941.0,942.0,2,active,1.0,0
942.0,943.0,2,active,1.0,0
943.0,944.0,2,active,0.0,0
944.0,948.0,2,stall,0.0,0
948.0,949.0,2,active,0.0,0
949.0,957.0,2,stall,0.0,0
957.0,958.0,2,active,1.0,0
958.0,959.0,2,active,1.0,0
959.0,960.0,2,active,1.0,0
960.0,961.0,2,active,1.0,0
961.0,962.0,2,active,1.0,0
962.0,963.0,2,active,1.0,0
963.0,964.0,2,active,0.0,0
964.0,972.0,2,stall,0.0,0
972.0,973.0,2,active,1.0,0
973.0,974.0,2,active,0.0,0
974.0,978.0,2,stall,0.0,0
978.0,979.0,2,active,1.0,0
979.0,980.0,2,active,1.0,0
980.0,981.0,2,active,1.0,0
981.0,982.0,2,active,1.0,0
982.0,983.0,2,active,0.0,0
983.0,991.0,2,stall,0.0,0
991.0,992.0,2,active,1.0,0
992.0,993.0,2,active,1.0,0
993.0,994.0,2,active,1.0,0
994.0,995.0,2,active,1.0,0
995.0,996.0,2,active,0.0,0
996.0,1000.0,2,stall,0.0,0
1000.0,1001.0,2,active,1.0,0
1001.0,1002.0,2,active,0.0,0
1002.0,1010.0,2,stall,0.0,0
1010.0,1011.0,2,active,1.0,0
1011.0,1012.0,2,active,1.0,0
1012.0,1013.0,2,active,1.0,0
1013.0,1014.0,2,active,1.0,0
1014.0,1015.0,2,active,1.0,0
1015.0,1016.0,2,active,1.0,0
1016.0,1017.0,2,active,0.0,0
1017.0,1025.0,2,stall,0.0,0
1025.0,1026.0,2,active,0.0,0
1026.0,1030.0,2,stall,0.0,0
1030.0,1031.0,2,active,1.0,0
1031.0,1032.0,2,active,1.0,0
1032.0,1033.0,2,active,1.0,0
1033.0,1034.0,2,active,1.0,0
1034.0,1035.0,2,active,1.0,0
1035.0,1036.0,2,active,0.0,0
1036.0,1044.0,2,stall,0.0,0
1044.0,1045.0,2,active,1.0,0
1045.0,1046.0,2,active,1.0,0
1046.0,1047.0,2,active,1.0,0
1047.0,1048.0,2,active,0.0,0
1048.0,1052.0,2,stall,0.0,0
1052.0,1053.0,2,active,1.0,0
1053.0,1054.0,2,active,1.0,0
1054.0,1055.0,2,active,0.0,0
1055.0,1063.0,2,stall,0.0,0
1063.0,1064.0,2,active,1.0,0
1064.0,1065.0,2,active,1.0,0
1065.0,1066.0,2,active,1.0,0
1066.0,1067.0,2,active,1.0,0
1067.0,1068.0,2,active,1.0,0
1068.0,1069.0,2,active,1.0,0
1069.0,1070.0,2,active,0.0,0
1070.0,1074.0,2,stall,0.0,0
1074.0,1082.0,2,stall,0.0,0
1082.0,1083.0,2,active,1.0,0
1083.0,1084.0,2,active,1.0,0
1084.0,1085.0,2,active,1.0,0
1085.0,1086.0,2,active,1.0,0
1086.0,1087.0,2,active,1.0,0
1087.0,1088.0,2,active,1.0,0
1088.0,1089.0,2,active,0.0,0
1089.0,1097.0,2,stall,0.0,0
1097.0,1098.0,2,active,1.0,0
1098.0,1099.0,2,active,1.0,0
1099.0,1100.0,2,active,0.0,0
1100.0,1104.0,2,stall,0.0,0
1104.0,1105.0,2,active,1.0,0
1105.0,1106.0,2,active,1.0,0
1106.0,1107.0,2,active,1.0,0
1107.0,1108.0,2,active,0.0,0
1108.0,1116.0,2,stall,0.0,0
1116.0,1117.0,2,active,1.0,0
1117.0,1118.0,2,active,1.0,0
1118.0,1119.0,2,active,1.0,0
1119.0,1120.0,2,active,1.0,0
1120.0,1121.0,2,active,1.0,0
1121.0,1122.0,2,active,0.0,0
1122.0,1126.0,2,stall,0.0,0
1126.0,1127.0,2,active,0.0,0
1127.0,1135.0,2,stall,0.0,0
1135.0,1136.0,2,active,1.0,0
1136.0,1137.0,2,active,1.0,0
1137.0,1138.0,2,active,1.0,0
1138.0,1139.0,2,active,1.0,0
1139.0,1140.0,2,active,1.0,0
1140.0,1141.0,2,active,1.0,0
1141.0,1142.0,2,active,0.0,0
1142.0,1150.0,2,stall,0.0,0
1150.0,1151.0,2,active,1.0,0
1151.0,1152.0,2,active,0.0,0
1152.0,1156.0,2,stall,0.0,0
1156.0,1157.0,2,active,1.0,0
1157.0,1158.0,2,active,1.0,0
1158.0,1159.0,2,active,1.0,0
1159.0,1160.0,2,active,1.0,0
1160.0,1161.0,2,active,0.0,0
1161.0,1169.0,2,stall,0.0,0
1169.0,1170.0,2,active,1.0,0
1170.0,1171.0,2,active,1.0,0
1171.0,1172.0,2,active,1.0,0
1172.0,1173.0,2,active,1.0,0
1173.0,1174.0,2,active,0.0,0
1174.0,1178.0,2,stall,0.0,0
1178.0,1179.0,2,active,1.0,0
1179.0,1180.0,2,active,0.0,0
1180.0,1188.0,2,stall,0.0,0
1188.0,1189.0,2,active,1.0,0
1189.0,1190.0,2,active,1.0,0
1190.0,1191.0,2,active,1.0,0
1191.0,1192.0,2,active,1.0,0
1192.0,1193.0,2,active,1.0,0
1193.0,1194.0,2,active,1.0,0
1194.0,1195.0,2,active,0.0,0
1195.0,1203.0,2,stall,0.0,0
1203.0,1204.0,2,active,0.0,0
1204.0,1208.0,2,stall,0.0,0
1208.0,1209.0,2,active,1.0,0
1209.0,1210.0,2,active,1.0,0
1210.0,1211.0,2,active,1.0,0
1211.0,1212.0,2,active,1.0,0
1212.0,1213.0,2,active,1.0,0
1213.0,1214.0,2,active,0.0,0
1214.0,1222.0,2,stall,0.0,0
1222.0,1223.0,2,active,1.0,0
1223.0,1224.0,2,active,1.0,0
1224.0,1225.0,2,active,1.0,0
1225.0,1226.0,2,active,0.0,0
1226.0,1230.0,2,stall,0.0,0
1230.0,1231.0,2,active,1.0,0
1231.0,1232.0,2,active,1.0,0
1232.0,1233.0,2,active,0.0,0
1233.0,1241.0,2,stall,0.0,0
1241.0,1242.0,2,active,1.0,0
1242.0,1243.0,2,active,1.0,0
1243.0,1244.0,2,active,1.0,0
1244.0,1245.0,2,active,1.0,0
1245.0,1246.0,2,active,1.0,0
1246.0,1247.0,2,active,1.0,0
1247.0,1248.0,2,active,0.0,0
1248.0,1252.0,2,stall,0.0,0
1252.0,1260.0,2,stall,0.0,0
1260.0,1261.0,2,active,1.0,0
1261.0,1262.0,2,active,1.0,0
1262.0,1263.0,2,active,1.0,0
1263.0,1264.0,2,active,1.0,0
1264.0,1265.0,2,active,1.0,0
1265.0,1266.0,2,active,1.0,0
1266.0,1267.0,2,active,0.0,0
1267.0,1275.0,2,stall,0.0,0
1275.0,1276.0,2,active,1.0,0
1276.0,1277.0,2,active,0.0,0
0.0,1.0,3,idle,0.0,0
1.0,2.0,3,active,0.0,0
2.0,6.0,3,stall,0.0,0
6.0,14.0,3,stall,0.0,0
14.0,15.0,3,active,1.0,0
15.0,16.0,3,active,1.0,0
16.0,17.0,3,active,1.0,0
17.0,18.0,3,active,1.0,0
18.0,19.0,3,active,1.0,0
19.0,20.0,3,active,1.0,0
20.0,21.0,3,active,0.0,0
21.0,29.0,3,stall,0.0,0
29.0,30.0,3,active,1.0,0
30.0,31.0,3,active,1.0,0
31.0,32.0,3,active,0.0,0
32.0,36.0,3,stall,0.0,0
36.0,37.0,3,active,1.0,0
37.0,38.0,3,active,1.0,0
38.0,39.0,3,active,1.0,0
39.0,40.0,3,active,0.0,0
40.0,48.0,3,stall,0.0,0
48.0,49.0,3,active,1.0,0
49.0,50.0,3,active,1.0,0
50.0,51.0,3,active,1.0,0
51.0,52.0,3,active,1.0,0
52.0,53.0,3,active,1.0,0
53.0,54.0,3,active,0.0,0
54.0,58.0,3,stall,0.0,0
58.0,59.0,3,active,0.0,0
59.0,67.0,3,stall,0.0,0
67.0,68.0,3,active,1.0,0
68.0,69.0,3,active,1.0,0
69.0,70.0,3,active,1.0,0
70.0,71.0,3,active,1.0,0
71.0,72.0,3,active,1.0,0
72.0,73.0,3,active,1.0,0
73.0,74.0,3,active,0.0,0
74.0,82.0,3,stall,0.0,0
82.0,83.0,3,active,1.0,0
83.0,84.0,3,active,0.0,0
84.0,88.0,3,stall,0.0,0
88.0,89.0,3,active,1.0,0
89.0,90.0,3,active,1.0,0
90.0,91.0,3,active,1.0,0
91.0,92.0,3,active,1.0,0
92.0,93.0,3,active,0.0,0
93.0,101.0,3,stall,0.0,0
101.0,102.0,3,active,1.0,0
102.0,103.0,3,active,1.0,0
103.0,104.0,3,active,1.0,0
104.0,105.0,3,active,1.0,0
105.0,106.0,3,active,0.0,0
106.0,110.0,3,stall,0.0,0
110.0,111.0,3,active,1.0,0
111.0,112.0,3,active,0.0,0
112.0,120.0,3,stall,0.0,0
120.0,121.0,3,active,1.0,0
121.0,122.0,3,active,1.0,0
122.0,123.0,3,active,1.0,0
123.0,124.0,3,active,1.0,0
124.0,125.0,3,active,1.0,0
125.0,126.0,3,active,1.0,0
126.0,127.0,3,active,0.0,0
127.0,135.0,3,stall,0.0,0
135.0,136.0,3,active,0.0,0
136.0,140.0,3,stall,0.0,0
140.0,141.0,3,active,1.0,0
141.0,142.0,3,active,1.0,0
142.0,143.0,3,active,1.0,0
143.0,144.0,3,active,1.0,0
144.0,145.0,3,active,1.0,0
145.0,146.0,3,active,0.0,0
146.0,154.0,3,stall,0.0,0
154.0,155.0,3,active,1.0,0
155.0,156.0,3,active,1.0,0
156.0,157.0,3,active,1.0,0
157.0,158.0,3,active,0.0,0
158.0,162.0,3,stall,0.0,0
162.0,163.0,3,active,1.0,0
163.0,164.0,3,active,1.0,0
164.0,165.0,3,active,0.0,0
165.0,173.0,3,stall,0.0,0
173.0,174.0,3,active,1.0,0
174.0,175.0,3,active,1.0,0
175.0,176.0,3,active,1.0,0
176.0,177.0,3,active,1.0,0
177.0,178.0,3,active,1.0,0
178.0,179.0,3,active,1.0,0
179.0,180.0,3,active,0.0,0
180.0,184.0,3,stall,0.0,0
184.0,192.0,3,stall,0.0,0
192.0,193.0,3,active,1.0,0
193.0,194.0,3,active,1.0,0
194.0,195.0,3,active,1.0,0
195.0,196.0,3,active,1.0,0
196.0,197.0,3,active,1.0,0
197.0,198.0,3,active,1.0,0
198.0,199.0,3,active,0.0,0
199.0,207.0,3,stall,0.0,0
207.0,208.0,3,active,1.0,0
208.0,209.0,3,active,1.0,0
209.0,210.0,3,active,0.0,0
210.0,214.0,3,stall,0.0,0
214.0,215.0,3,active,1.0,0
215.0,216.0,3,active,1.0,0
216.0,217.0,3,active,1.0,0
217.0,218.0,3,active,0.0,0
218.0,226.0,3,stall,0.0,0
226.0,227.0,3,active,1.0,0
227.0,228.0,3,active,1.0,0
228.0,229.0,3,active,1.0,0
229.0,230.0,3,active,1.0,0
230.0,231.0,3,active,1.0,0
231.0,232.0,3,active,0.0,0
232.0,236.0,3,stall,0.0,0
236.0,237.0,3,active,0.0,0
237.0,245.0,3,stall,0.0,0
245.0,246.0,3,active,1.0,0
246.0,247.0,3,active,1.0,0
247.0,248.0,3,active,1.0,0
248.0,249.0,3,active,1.0,0
249.0,250.0,3,active,1.0,0
250.0,251.0,3,active,1.0,0
251.0,252.0,3,active,0.0,0
252.0,260.0,3,stall,0.0,0
260.0,261.0,3,active,1.0,0
261.0,262.0,3,active,0.0,0
262.0,266.0,3,stall,0.0,0
266.0,267.0,3,active,1.0,0
267.0,268.0,3,active,1.0,0
268.0,269.0,3,active,1.0,0
269.0,270.0,3,active,1.0,0
270.0,271.0,3,active,0.0,0
271.0,279.0,3,stall,0.0,0
279.0,280.0,3,active,1.0,0
280.0,281.0,3,active,1.0,0
281.0,282.0,3,active,1.0,0
282.0,283.0,3,active,1.0,0
283.0,284.0,3,active,0.0,0
284.0,288.0,3,stall,0.0,0
288.0,289.0,3,active,1.0,0
289.0,290.0,3,active,0.0,0
290.0,298.0,3,stall,0.0,0
298.0,299.0,3,active,1.0,0
299.0,300.0,3,active,1.0,0
300.0,301.0,3,active,1.0,0
301.0,302.0,3,active,1.0,0
302.0,303.0,3,active,1.0,0
303.0,304.0,3,active,1.0,0
304.0,305.0,3,active,0.0,0
305.0,313.0,3,stall,0.0,0
313.0,314.0,3,active,0.0,0
314.0,318.0,3,stall,0.0,0
318.0,319.0,3,active,1.0,0
319.0,320.0,3,active,1.0,0
320.0,321.0,3,active,1.0,0
321.0,322.0,3,active,1.0,0
322.0,323.0,3,active,1.0,0
323.0,324.0,3,active,0.0,0
324.0,332.0,3,stall,0.0,0
332.0,333.0,3,active,1.0,0
333.0,334.0,3,active,1.0,0
334.0,335.0,3,active,1.0,0
335.0,336.0,3,active,0.0,0
336.0,340.0,3,stall,0.0,0
340.0,341.0,3,active,1.0,0
341.0,342.0,3,active,1.0,0
342.0,343.0,3,active,0.0,0
343.0,351.0,3,stall,0.0,0
351.0,352.0,3,active,1.0,0
352.0,353.0,3,active,1.0,0
353.0,354.0,3,active,1.0,0
354.0,355.0,3,active,1.0,0
355.0,356.0,3,active,1.0,0
356.0,357.0,3,active,1.0,0
357.0,358.0,3,active,0.0,0
358.0,362.0,3,stall,0.0,0
362.0,370.0,3,stall,0.0,0
370.0,371.0,3,active,1.0,0
371.0,372.0,3,active,1.0,0
372.0,373.0,3,active,1.0,0
373.0,374.0,3,active,1.0,0
374.0,375.0,3,active,1.0,0
375.0,376.0,3,active,1.0,0
376.0,377.0,3,active,0.0,0
377.0,385.0,3,stall,0.0,0
385.0,386.0,3,active,1.0,0
386.0,387.0,3,active,1.0,0
387.0,388.0,3,active,0.0,0
388.0,392.0,3,stall,0.0,0
392.0,393.0,3,active,1.0,0
393.0,394.0,3,active,1.0,0
394.0,395.0,3,active,1.0,0
395.0,396.0,3,active,0.0,0
396.0,404.0,3,stall,0.0,0
404.0,405.0,3,active,1.0,0
405.0,406.0,3,active,1.0,0
406.0,407.0,3,active,1.0,0
407.0,408.0,3,active,1.0,0
408.0,409.0,3,active,1.0,0
409.0,410.0,3,active,0.0,0
410.0,414.0,3,stall,0.0,0
414.0,415.0,3,active,0.0,0
415.0,423.0,3,stall,0.0,0
423.0,424.0,3,active,1.0,0
424.0,425.0,3,active,1.0,0
425.0,426.0,3,active,1.0,0
426.0,427.0,3,active,1.0,0
427.0,428.0,3,active,1.0,0
428.0,429.0,3,active,1.0,0
429.0,430.0,3,active,0.0,0
430.0,438.0,3,stall,0.0,0
438.0,439.0,3,active,1.0,0
439.0,440.0,3,active,0.0,0
440.0,444.0,3,stall,0.0,0
444.0,445.0,3,active,1.0,0
445.0,446.0,3,active,1.0,0
446.0,447.0,3,active,1.0,0
447.0,448.0,3,active,1.0,0
448.0,449.0,3,active,0.0,0
449.0,457.0,3,stall,0.0,0
457.0,458.0,3,active,1.0,0
458.0,459.0,3,active,1.0,0
459.0,460.0,3,active,1.0,0
460.0,461.0,3,active,1.0,0
461.0,462.0,3,active,0.0,0
462.0,466.0,3,stall,0.0,0
466.0,467.0,3,active,1.0,0
467.0,468.0,3,active,0.0,0
468.0,476.0,3,stall,0.0,0
476.0,477.0,3,active,1.0,0
477.0,478.0,3,active,1.0,0
478.0,479.0,3,active,1.0,0
479.0,480.0,3,active,1.0,0
480.0,481.0,3,active,1.0,0
481.0,482.0,3,active,1.0,0
482.0,483.0,3,active,0.0,0
483.0,491.0,3,stall,0.0,0
491.0,492.0,3,active,0.0,0
492.0,496.0,3,stall,0.0,0
496.0,497.0,3,active,1.0,0
497.0,498.0,3,active,1.0,0
498.0,499.0,3,active,1.0,0
499.0,500.0,3,active,1.0,0
500.0,501.0,3,active,1.0,0
501.0,502.0,3,active,0.0,0
502.0,510.0,3,stall,0.0,0
510.0,511.0,3,active,1.0,0
511.0,512.0,3,active,1.0,0
512.0,513.0,3,active,1.0,0
513.0,514.0,3,active,0.0,0
514.0,518.0,3,stall,0.0,0
518.0,519.0,3,active,1.0,0
519.0,520.0,3,active,1.0,0
520.0,521.0,3,active,0.0,0
521.0,529.0,3,stall,0.0,0
529.0,530.0,3,active,1.0,0
530.0,531.0,3,active,1.0,0
531.0,532.0,3,active,1.0,0
532.0,533.0,3,active,1.0,0
533.0,534.0,3,active,1.0,0
534.0,535.0,3,active,1.0,0
535.0,536.0,3,active,0.0,0
536.0,540.0,3,stall,0.0,0
540.0,548.0,3,stall,0.0,0
548.0,549.0,3,active,1.0,0
549.0,550.0,3,active,1.0,0
550.0,551.0,3,active,1.0,0
551.0,552.0,3,active,1.0,0
552.0,553.0,3,active,1.0,0
553.0,554.0,3,active,1.0,0
554.0,555.0,3,active,0.0,0
555.0,563.0,3,stall,0.0,0
563.0,564.0,3,active,1.0,0
564.0,565.0,3,active,1.0,0
565.0,566.0,3,active,0.0,0
566.0,570.0,3,stall,0.0,0
570.0,571.0,3,active,1.0,0
571.0,572.0,3,active,1.0,0
572.0,573.0,3,active,1.0,0
573.0,574.0,3,active,0.0,0
574.0,582.0,3,stall,0.0,0
582.0,583.0,3,active,1.0,0
583.0,584.0,3,active,1.0,0
584.0,585.0,3,active,1.0,0
585.0,586.0,3,active,1.0,0
586.0,587.0,3,active,1.0,0
587.0,588.0,3,active,0.0,0
588.0,592.0,3,stall,0.0,0
592.0,593.0,3,active,0.0,0
593.0,601.0,3,stall,0.0,0
601.0,602.0,3,active,1.0,0
602.0,603.0,3,active,1.0,0
603.0,604.0,3,active,1.0,0
604.0,605.0,3,active,1.0,0
605.0,606.0,3,active,1.0,0
606.0,607.0,3,active,1.0,0
607.0,608.0,3,active,0.0,0
608.0,616.0,3,stall,0.0,0
616.0,617.0,3,active,1.0,0
617.0,618.0,3,active,0.0,0
618.0,622.0,3,stall,0.0,0
622.0,623.0,3,active,1.0,0
623.0,624.0,3,active,1.0,0
624.0,625.0,3,active,1.0,0
625.0,626.0,3,active,1.0,0
626.0,627.0,3,active,0.0,0
627.0,635.0,3,stall,0.0,0
635.0,636.0,3,active,1.0,0
636.0,637.0,3,active,1.0,0
637.0,638.0,3,active,1.0,0
638.0,639.0,3,active,1.0,0
639.0,640.0,3,active,0.0,0
640.0,644.0,3,stall,0.0,0
644.0,645.0,3,active,1.0,0
645.0,646.0,3,active,0.0,0
646.0,654.0,3,stall,0.0,0
654.0,655.0,3,active,1.0,0
655.0,656.0,3,active,1.0,0
656.0,657.0,3,active,1.0,0
657.0,658.0,3,active,1.0,0
658.0,659.0,3,active,1.0,0
659.0,660.0,3,active,1.0,0
660.0,661.0,3,active,0.0,0
661.0,669.0,3,stall,0.0,0
669.0,670.0,3,active,0.0,0
670.0,674.0,3,stall,0.0,0
674.0,675.0,3,active,1.0,0
675.0,676.0,3,active,1.0,0
676.0,677.0,3,active,1.0,0
677.0,678.0,3,active,1.0,0
678.0,679.0,3,active,1.0,0
679.0,680.0,3,active,0.0,0
680.0,688.0,3,stall,0.0,0
688.0,689.0,3,active,1.0,0
689.0,690.0,3,active,1.0,0
690.0,691.0,3,active,1.0,0
691.0,692.0,3,active,0.0,0
692.0,696.0,3,stall,0.0,0
696.0,697.0,3,active,1.0,0
697.0,698.0,3,active,1.0,0
698.0,699.0,3,active,0.0,0
699.0,707.0,3,stall,0.0,0
707.0,708.0,3,active,1.0,0
708.0,709.0,3,active,1.0,0
709.0,710.0,3,active,1.0,0
710.0,711.0,3,active,1.0,0
711.0,712.0,3,active,1.0,0
712.0,713.0,3,active,1.0,0
713.0,714.0,3,active,0.0,0
714.0,718.0,3,stall,0.0,0
718.0,726.0,3,stall,0.0,0
726.0,727.0,3,active,1.0,0
727.0,728.0,3,active,1.0,0
728.0,729.0,3,active,1.0,0
729.0,730.0,3,active,1.0,0
730.0,731.0,3,active,1.0,0
731.0,732.0,3,active,1.0,0
732.0,733.0,3,active,0.0,0
733.0,741.0,3,stall,0.0,0
741.0,742.0,3,active,1.0,0
742.0,743.0,3,active,1.0,0
743.0,744.0,3,active,0.0,0
744.0,748.0,3,stall,0.0,0
748.0,749.0,3,active,1.0,0
749.0,750.0,3,active,1.0,0
750.0,751.0,3,active,1.0,0
751.0,752.0,3,active,0.0,0
752.0,760.0,3,stall,0.0,0
760.0,761.0,3,active,1.0,0
761.0,762.0,3,active,1.0,0
762.0,763.0,3,active,1.0,0
763.0,764.0,3,active,1.0,0
764.0,765.0,3,active,1.0,0
765.0,766.0,3,active,0.0,0
766.0,770.0,3,stall,0.0,0
770.0,771.0,3,active,0.0,0
771.0,779.0,3,stall,0.0,0
779.0,780.0,3,active,1.0,0
780.0,781.0,3,active,1.0,0
781.0,782.0,3,active,1.0,0
782.0,783.0,3,active,1.0,0
783.0,784.0,3,active,1.0,0
784.0,785.0,3,active,1.0,0
785.0,786.0,3,active,0.0,0
786.0,794.0,3,stall,0.0,0
794.0,795.0,3,active,1.0,0
795.0,796.0,3,active,0.0,0
796.0,800.0,3,stall,0.0,0
800.0,801.0,3,active,1.0,0
801.0,802.0,3,active,1.0,0
802.0,803.0,3,active,1.0,0
803.0,804.0,3,active,1.0,0
804.0,805.0,3,active,0.0,0
805.0,813.0,3,stall,0.0,0
813.0,814.0,3,active,1.0,0
814.0,815.0,3,active,1.0,0
815.0,816.0,3,active,1.0,0
816.0,817.0,3,active,1.0,0
817.0,818.0,3,active,0.0,0
818.0,822.0,3,stall,0.0,0
822.0,823.0,3,active,1.0,0
823.0,824.0,3,active,0.0,0
824.0,832.0,3,stall,0.0,0
832.0,833.0,3,active,1.0,0
833.0,834.0,3,active,1.0,0
834.0,835.0,3,active,1.0,0
835.0,836.0,3,active,1.0,0
836.0,837.0,3,active,1.0,0
837.0,838.0,3,active,1.0,0
838.0,839.0,3,active,0.0,0
839.0,847.0,3,stall,0.0,0
847.0,848.0,3,active,0.0,0
848.0,852.0,3,stall,0.0,0
852.0,853.0,3,active,1.0,0
853.0,854.0,3,active,1.0,0
854.0,855.0,3,active,1.0,0
855.0,856.0,3,active,1.0,0
856.0,857.0,3,active,1.0,0
857.0,858.0,3,active,0.0,0
858.0,866.0,3,stall,0.0,0
866.0,867.0,3,active,1.0,0
867.0,868.0,3,active,1.0,0
868.0,869.0,3,active,1.0,0
869.0,870.0,3,active,0.0,0
870.0,874.0,3,stall,0.0,0
874.0,875.0,3,active,1.0,0
875.0,876.0,3,active,1.0,0
876.0,877.0,3,active,0.0,0
877.0,885.0,3,stall,0.0,0
885.0,886.0,3,active,1.0,0
886.0,887.0,3,active,1.0,0
887.0,888.0,3,active,1.0,0
888.0,889.0,3,active,1.0,0
889.0,890.0,3,active,1.0,0
890.0,891.0,3,active,1.0,0
891.0,892.0,3,active,0.0,0
892.0,896.0,3,stall,0.0,0
896.0,904.0,3,stall,0.0,0
904.0,905.0,3,active,1.0,0
905.0,906.0,3,active,1.0,0
906.0,907.0,3,active,1.0,0
907.0,908.0,3,active,1.0,0
908.0,909.0,3,active,1.0,0
909.0,910.0,3,active,1.0,0
910.0,911.0,3,active,0.0,0
911.0,919.0,3,stall,0.0,0
919.0,920.0,3,active,1.0,0
920.0,921.0,3,active,1.0,0
921.0,922.0,3,active,0.0,0
922.0,926.0,3,stall,0.0,0
926.0,927.0,3,active,1.0,0
927.0,928.0,3,active,1.0,0
928.0,929.0,3,active,1.0,0
929.0,930.0,3,active,0.0,0
930.0,938.0,3,stall,0.0,0
938.0,939.0,3,active,1.0,0
939.0,940.0,3,active,1.0,0
940.0,941.0,3,active,1.0,0
941.0,942.0,3,active,1.0,0
942.0,943.0,3,active,1.0,0
943.0,944.0,3,active,0.0,0
944.0,948.0,3,stall,0.0,0
948.0,949.0,3,active,0.0,0
949.0,957.0,3,stall,0.0,0
957.0,958.0,3,active,1.0,0
958.0,959.0,3,active,1.0,0
959.0,960.0,3,active,1.0,0
960.0,961.0,3,active,1.0,0
961.0,962.0,3,active,1.0,0
962.0,963.0,3,active,1.0,0
963.0,964.0,3,active,0.0,0
964.0,972.0,3,stall,0.0,0
972.0,973.0,3,active,1.0,0
973.0,974.0,3,active,0.0,0
974.0,978.0,3,stall,0.0,0
978.0,979.0,3,active,1.0,0
979.0,980.0,3,active,1.0,0
980.0,981.0,3,active,1.0,0
981.0,982.0,3,active,1.0,0
982.0,983.0,3,active,0.0,0
983.0,991.0,3,stall,0.0,0
991.0,992.0,3,active,1.0,0
992.0,993.0,3,active,1.0,0
993.0,994.0,3,active,1.0,0
994.0,995.0,3,active,1.0,0
995.0,996.0,3,active,0.0,0
996.0,1000.0,3,stall,0.0,0
1000.0,1001.0,3,active,1.0,0
1001.0,1002.0,3,active,0.0,0
1002.0,1010.0,3,stall,0.0,0
1010.0,1011.0,3,active,1.0,0
1011.0,1012.0,3,active,1.0,0
1012.0,1013.0,3,active,1.0,0
1013.0,1014.0,3,active,1.0,0
1014.0,1015.0,3,active,1.0,0
1015.0,1016.0,3,active,1.0,0
1016.0,1017.0,3,active,0.0,0
1017.0,1025.0,3,stall,0.0,0
1025.0,1026.0,3,active,0.0,0
1026.0,1030.0,3,stall,0.0,0
1030.0,1031.0,3,active,1.0,0
1031.0,1032.0,3,active,1.0,0
1032.0,1033.0,3,active,1.0,0
1033.0,1034.0,3,active,1.0,0
1034.0,1035.0,3,active,1.0,0
1035.0,1036.0,3,active,0.0,0
1036.0,1044.0,3,stall,0.0,0
1044.0,1045.0,3,active,1.0,0
1045.0,1046.0,3,active,1.0,0
1046.0,1047.0,3,active,1.0,0
1047.0,1048.0,3,active,0.0,0
1048.0,1052.0,3,stall,0.0,0
1052.0,1053.0,3,active,1.0,0
1053.0,1054.0,3,active,1.0,0
1054.0,1055.0,3,active,0.0,0
1055.0,1063.0,3,stall,0.0,0
1063.0,1064.0,3,active,1.0,0
1064.0,1065.0,3,active,1.0,0
1065.0,1066.0,3,active,1.0,0
1066.0,1067.0,3,active,1.0,0
1067.0,1068.0,3,active,1.0,0
1068.0,1069.0,3,active,1.0,0
1069.0,1070.0,3,active,0.0,0
1070.0,1074.0,3,stall,0.0,0
1074.0,1082.0,3,stall,0.0,0
1082.0,1083.0,3,active,1.0,0
1083.0,1084.0,3,active,1.0,0
1084.0,1085.0,3,active,1.0,0
1085.0,1086.0,3,active,1.0,0
1086.0,1087.0,3,active,1.0,0
1087.0,1088.0,3,active,1.0,0
1088.0,1089.0,3,active,0.0,0
1089.0,1097.0,3,stall,0.0,0
1097.0,1098.0,3,active,1.0,0
1098.0,1099.0,3,active,1.0,0
1099.0,1100.0,3,active,0.0,0
1100.0,1104.0,3,stall,0.0,0
1104.0,1105.0,3,active,1.0,0
1105.0,1106.0,3,active,1.0,0
1106.0,1107.0,3,active,1.0,0
1107.0,1108.0,3,active,0.0,0
1108.0,1116.0,3,stall,0.0,0
1116.0,1117.0,3,active,1.0,0
1117.0,1118.0,3,active,1.0,0
1118.0,1119.0,3,active,1.0,0
1119.0,1120.0,3,active,1.0,0
1120.0,1121.0,3,active,1.0,0
1121.0,1122.0,3,active,0.0,0
1122.0,1126.0,3,stall,0.0,0
1126.0,1127.0,3,active,0.0,0
1127.0,1135.0,3,stall,0.0,0
1135.0,1136.0,3,active,1.0,0
1136.0,1137.0,3,active,1.0,0
1137.0,1138.0,3,active,1.0,0
1138.0,1139.0,3,active,1.0,0
1139.0,1140.0,3,active,1.0,0
1140.0,1141.0,3,active,1.0,0
1141.0,1142.0,3,active,0.0,0
1142.0,1150.0,3,stall,0.0,0
1150.0,1151.0,3,active,1.0,0
1151.0,1152.0,3,active,0.0,0
1152.0,1156.0,3,stall,0.0,0
1156.0,1157.0,3,active,1.0,0
1157.0,1158.0,3,active,1.0,0
1158.0,1159.0,3,active,1.0,0
1159.0,1160.0,3,active,1.0,0
1160.0,1161.0,3,active,0.0,0
1161.0,1169.0,3,stall,0.0,0
1169.0,1170.0,3,active,1.0,0
1170.0,1171.0,3,active,1.0,0
1171.0,1172.0,3,active,1.0,0
1172.0,1173.0,3,active,1.0,0
1173.0,1174.0,3,active,0.0,0
1174.0,1178.0,3,stall,0.0,0
1178.0,1179.0,3,active,1.0,0
1179.0,1180.0,3,active,0.0,0
1180.0,1188.0,3,stall,0.0,0
1188.0,1189.0,3,active,1.0,0
1189.0,1190.0,3,active,1.0,0
1190.0,1191.0,3,active,1.0,0
1191.0,1192.0,3,active,1.0,0
1192.0,1193.0,3,active,1.0,0
1193.0,1194.0,3,active,1.0,0
1194.0,1195.0,3,active,0.0,0
1195.0,1203.0,3,stall,0.0,0
1203.0,1204.0,3,active,0.0,0
1204.0,1208.0,3,stall,0.0,0
1208.0,1209.0,3,active,1.0,0
1209.0,1210.0,3,active,1.0,0
1210.0,1211.0,3,active,1.0,0
1211.0,1212.0,3,active,1.0,0
1212.0,1213.0,3,active,1.0,0
1213.0,1214.0,3,active,0.0,0
1214.0,1222.0,3,stall,0.0,0
1222.0,1223.0,3,active,1.0,0
1223.0,1224.0,3,active,1.0,0
1224.0,1225.0,3,active,1.0,0
1225.0,1226.0,3,active,0.0,0
1226.0,1230.0,3,stall,0.0,0
1230.0,1231.0,3,active,1.0,0
1231.0,1232.0,3,active,1.0,0
1232.0,1233.0,3,active,0.0,0
1233.0,1241.0,3,stall,0.0,0
1241.0,1242.0,3,active,1.0,0
1242.0,1243.0,3,active,1.0,0
1243.0,1244.0,3,active,1.0,0
1244.0,1245.0,3,active,1.0,0
1245.0,1246.0,3,active,1.0,0
1246.0,1247.0,3,active,1.0,0
1247.0,1248.0,3,active,0.0,0
1248.0,1252.0,3,stall,0.0,0
1252.0,1260.0,3,stall,0.0,0
1260.0,1261.0,3,active,1.0,0
1261.0,1262.0,3,active,1.0,0
1262.0,1263.0,3,active,1.0,0
1263.0,1264.0,3,active,1.0,0
1264.0,1265.0,3,active,1.0,0
1265.0,1266.0,3,active,1.0,0
1266.0,1267.0,3,active,0.0,0
1267.0,1275.0,3,stall,0.0,0
1275.0,1276.0,3,active,1.0,0
1276.0,1277.0,3,active,0.0,0
