branch_mispredict,cache_pressure,case_id,elapsed_s,returncode,summary_copy_ok,summary_path,time_us,trace_copy_ok,trace_path,workload,workload_size
False,False,1,13.576,0,1,/home/dev_srinidhi/sit-cpu-baseline/sit-cpu-baseline/Phase-2/sweeps/results/20260305_190908/summaries/summary_0001.json,256.0,1,/home/dev_srinidhi/sit-cpu-baseline/sit-cpu-baseline/Phase-2/sweeps/results/20260305_190908/traces/trace_0001.csv,fm_loopback,test
False,True,2,13.935,0,1,/home/dev_srinidhi/sit-cpu-baseline/sit-cpu-baseline/Phase-2/sweeps/results/20260305_190908/summaries/summary_0002.json,256.0,1,/home/dev_srinidhi/sit-cpu-baseline/sit-cpu-baseline/Phase-2/sweeps/results/20260305_190908/traces/trace_0002.csv,fm_loopback,test
True,False,3,13.333,0,1,/home/dev_srinidhi/sit-cpu-baseline/sit-cpu-baseline/Phase-2/sweeps/results/20260305_190908/summaries/summary_0003.json,256.0,1,/home/dev_srinidhi/sit-cpu-baseline/sit-cpu-baseline/Phase-2/sweeps/results/20260305_190908/traces/trace_0003.csv,fm_loopback,test
True,True,4,21.354,0,1,/home/dev_srinidhi/sit-cpu-baseline/sit-cpu-baseline/Phase-2/sweeps/results/20260305_190908/summaries/summary_0004.json,256.0,1,/home/dev_srinidhi/sit-cpu-baseline/sit-cpu-baseline/Phase-2/sweeps/results/20260305_190908/traces/trace_0004.csv,fm_loopback,test
False,False,5,20.429,0,1,/home/dev_srinidhi/sit-cpu-baseline/sit-cpu-baseline/Phase-2/sweeps/results/20260305_190908/summaries/summary_0005.json,256.0,1,/home/dev_srinidhi/sit-cpu-baseline/sit-cpu-baseline/Phase-2/sweeps/results/20260305_190908/traces/trace_0005.csv,fm_mm,test
False,True,6,22.285,0,1,/home/dev_srinidhi/sit-cpu-baseline/sit-cpu-baseline/Phase-2/sweeps/results/20260305_190908/summaries/summary_0006.json,256.0,1,/home/dev_srinidhi/sit-cpu-baseline/sit-cpu-baseline/Phase-2/sweeps/results/20260305_190908/traces/trace_0006.csv,fm_mm,test
True,False,7,22.704,0,1,/home/dev_srinidhi/sit-cpu-baseline/sit-cpu-baseline/Phase-2/sweeps/results/20260305_190908/summaries/summary_0007.json,256.0,1,/home/dev_srinidhi/sit-cpu-baseline/sit-cpu-baseline/Phase-2/sweeps/results/20260305_190908/traces/trace_0007.csv,fm_mm,test
True,True,8,29.331,0,1,/home/dev_srinidhi/sit-cpu-baseline/sit-cpu-baseline/Phase-2/sweeps/results/20260305_190908/summaries/summary_0008.json,256.0,1,/home/dev_srinidhi/sit-cpu-baseline/sit-cpu-baseline/Phase-2/sweeps/results/20260305_190908/traces/trace_0008.csv,fm_mm,test
False,False,9,20.246,0,1,/home/dev_srinidhi/sit-cpu-baseline/sit-cpu-baseline/Phase-2/sweeps/results/20260305_190908/summaries/summary_0009.json,256.0,1,/home/dev_srinidhi/sit-cpu-baseline/sit-cpu-baseline/Phase-2/sweeps/results/20260305_190908/traces/trace_0009.csv,fm_sparse,test
False,True,10,21.752,0,1,/home/dev_srinidhi/sit-cpu-baseline/sit-cpu-baseline/Phase-2/sweeps/results/20260305_190908/summaries/summary_0010.json,256.0,1,/home/dev_srinidhi/sit-cpu-baseline/sit-cpu-baseline/Phase-2/sweeps/results/20260305_190908/traces/trace_0010.csv,fm_sparse,test
True,False,11,22.159,0,1,/home/dev_srinidhi/sit-cpu-baseline/sit-cpu-baseline/Phase-2/sweeps/results/20260305_190908/summaries/summary_0011.json,256.0,1,/home/dev_srinidhi/sit-cpu-baseline/sit-cpu-baseline/Phase-2/sweeps/results/20260305_190908/traces/trace_0011.csv,fm_sparse,test
True,True,12,29.088,0,1,/home/dev_srinidhi/sit-cpu-baseline/sit-cpu-baseline/Phase-2/sweeps/results/20260305_190908/summaries/summary_0012.json,256.0,1,/home/dev_srinidhi/sit-cpu-baseline/sit-cpu-baseline/Phase-2/sweeps/results/20260305_190908/traces/trace_0012.csv,fm_sparse,test
False,False,13,18.987,0,1,/home/dev_srinidhi/sit-cpu-baseline/sit-cpu-baseline/Phase-2/sweeps/results/20260305_190908/summaries/summary_0013.json,256.0,1,/home/dev_srinidhi/sit-cpu-baseline/sit-cpu-baseline/Phase-2/sweeps/results/20260305_190908/traces/trace_0013.csv,fm_read,test
False,True,14,20.049,0,1,/home/dev_srinidhi/sit-cpu-baseline/sit-cpu-baseline/Phase-2/sweeps/results/20260305_190908/summaries/summary_0014.json,256.0,1,/home/dev_srinidhi/sit-cpu-baseline/sit-cpu-baseline/Phase-2/sweeps/results/20260305_190908/traces/trace_0014.csv,fm_read,test
True,False,15,19.407,0,1,/home/dev_srinidhi/sit-cpu-baseline/sit-cpu-baseline/Phase-2/sweeps/results/20260305_190908/summaries/summary_0015.json,256.0,1,/home/dev_srinidhi/sit-cpu-baseline/sit-cpu-baseline/Phase-2/sweeps/results/20260305_190908/traces/trace_0015.csv,fm_read,test
True,True,16,24.888,0,1,/home/dev_srinidhi/sit-cpu-baseline/sit-cpu-baseline/Phase-2/sweeps/results/20260305_190908/summaries/summary_0016.json,256.0,1,/home/dev_srinidhi/sit-cpu-baseline/sit-cpu-baseline/Phase-2/sweeps/results/20260305_190908/traces/trace_0016.csv,fm_read,test
False,False,17,13.617,0,1,/home/dev_srinidhi/sit-cpu-baseline/sit-cpu-baseline/Phase-2/sweeps/results/20260305_190908/summaries/summary_0017.json,256.0,1,/home/dev_srinidhi/sit-cpu-baseline/sit-cpu-baseline/Phase-2/sweeps/results/20260305_190908/traces/trace_0017.csv,fm_write,test
False,True,18,14.557,0,1,/home/dev_srinidhi/sit-cpu-baseline/sit-cpu-baseline/Phase-2/sweeps/results/20260305_190908/summaries/summary_0018.json,256.0,1,/home/dev_srinidhi/sit-cpu-baseline/sit-cpu-baseline/Phase-2/sweeps/results/20260305_190908/traces/trace_0018.csv,fm_write,test
True,False,19,13.795,0,1,/home/dev_srinidhi/sit-cpu-baseline/sit-cpu-baseline/Phase-2/sweeps/results/20260305_190908/summaries/summary_0019.json,256.0,1,/home/dev_srinidhi/sit-cpu-baseline/sit-cpu-baseline/Phase-2/sweeps/results/20260305_190908/traces/trace_0019.csv,fm_write,test
True,True,20,19.695,0,1,/home/dev_srinidhi/sit-cpu-baseline/sit-cpu-baseline/Phase-2/sweeps/results/20260305_190908/summaries/summary_0020.json,256.0,1,/home/dev_srinidhi/sit-cpu-baseline/sit-cpu-baseline/Phase-2/sweeps/results/20260305_190908/traces/trace_0020.csv,fm_write,test
