start_us,end_us,core,state,start_cycle,end_cycle,core_id,pcie_slot,core_x,core_y,risc_type,zone_name,source_file,source_line,origin,map_hit
0.0,0.177,0,stall,13223615379938,13223615380115,slot0_x1_y1,0,1,1,TILE,TRISC-KERNEL,/hdd/flapmax/tt-metal/tt_metal/hw/firmware/src/tt-1xx/trisck.cc,73,tile_fused:trisc_kernel_base,1
0.177,0.202,0,active,13223615380115,13223615380140,slot0_x1_y1,0,1,1,TILE,THROUGHPUT_SECTION,/hdd/flapmax/tt-metal/tt_metal/hw/firmware/src/tt-1xx/trisck.cc,73,tile_fused:explicit_throughput,1
0.202,0.25,0,stall,13223615380140,13223615380188,slot0_x1_y1,0,1,1,TILE,TRISC-KERNEL,/hdd/flapmax/tt-metal/tt_metal/hw/firmware/src/tt-1xx/trisck.cc,73,tile_fused:trisc_kernel_base,1
0.25,0.291,0,active,13223615380188,13223615380229,slot0_x1_y1,0,1,1,TILE,THROUGHPUT_SECTION,/hdd/flapmax/tt-metal/tt_metal/hw/firmware/src/tt-1xx/trisck.cc,73,tile_fused:explicit_throughput,1
0.291,0.328,0,stall,13223615380229,13223615380266,slot0_x1_y1,0,1,1,TILE,TRISC-KERNEL,/hdd/flapmax/tt-metal/tt_metal/hw/firmware/src/tt-1xx/trisck.cc,73,tile_fused:trisc_kernel_base,1
0.328,0.355,0,active,13223615380266,13223615380293,slot0_x1_y1,0,1,1,TILE,THROUGHPUT_SECTION,/hdd/flapmax/tt-metal/tt_metal/hw/firmware/src/tt-1xx/trisck.cc,73,tile_fused:explicit_throughput,1
0.355,0.529,0,stall,13223615380293,13223615380467,slot0_x1_y1,0,1,1,TILE,TRISC-KERNEL,/hdd/flapmax/tt-metal/tt_metal/hw/firmware/src/tt-1xx/trisck.cc,73,tile_fused:trisc_kernel_base,1
0.529,0.548,0,active,13223615380467,13223615380486,slot0_x1_y1,0,1,1,TILE,THROUGHPUT_SECTION,/hdd/flapmax/tt-metal/tt_metal/hw/firmware/src/tt-1xx/trisck.cc,73,tile_fused:explicit_throughput,1
0.548,0.663,0,stall,13223615380486,13223615380601,slot0_x1_y1,0,1,1,TILE,TRISC-KERNEL,/hdd/flapmax/tt-metal/tt_metal/hw/firmware/src/tt-1xx/trisck.cc,73,tile_fused:trisc_kernel_base,1
0.663,0.683,0,active,13223615380601,13223615380621,slot0_x1_y1,0,1,1,TILE,THROUGHPUT_SECTION,/hdd/flapmax/tt-metal/tt_metal/hw/firmware/src/tt-1xx/trisck.cc,73,tile_fused:explicit_throughput,1
0.683,1.129,0,stall,13223615380621,13223615381067,slot0_x1_y1,0,1,1,TILE,TRISC-KERNEL,/hdd/flapmax/tt-metal/tt_metal/hw/firmware/src/tt-1xx/trisck.cc,73,tile_fused:trisc_kernel_base,1
1.129,1.175,0,active,13223615381067,13223615381113,slot0_x1_y1,0,1,1,TILE,THROUGHPUT_SECTION,/hdd/flapmax/tt-metal/tt_metal/hw/firmware/src/tt-1xx/trisck.cc,73,tile_fused:explicit_throughput,1
1.175,1.229,0,stall,13223615381113,13223615381167,slot0_x1_y1,0,1,1,TILE,TRISC-KERNEL,/hdd/flapmax/tt-metal/tt_metal/hw/firmware/src/tt-1xx/trisck.cc,73,tile_fused:trisc_kernel_base,1
1.229,1.258,0,active,13223615381167,13223615381196,slot0_x1_y1,0,1,1,TILE,THROUGHPUT_SECTION,/hdd/flapmax/tt-metal/tt_metal/hw/firmware/src/tt-1xx/trisck.cc,73,tile_fused:explicit_throughput,1
1.258,1.295,0,stall,13223615381196,13223615381233,slot0_x1_y1,0,1,1,TILE,TRISC-KERNEL,/hdd/flapmax/tt-metal/tt_metal/hw/firmware/src/tt-1xx/trisck.cc,73,tile_fused:trisc_kernel_base,1
1.295,1.315,0,active,13223615381233,13223615381253,slot0_x1_y1,0,1,1,TILE,THROUGHPUT_SECTION,/hdd/flapmax/tt-metal/tt_metal/hw/firmware/src/tt-1xx/trisck.cc,73,tile_fused:explicit_throughput,1
1.315,1.656,0,stall,13223615381253,13223615381594,slot0_x1_y1,0,1,1,TILE,TRISC-KERNEL,/hdd/flapmax/tt-metal/tt_metal/hw/firmware/src/tt-1xx/trisck.cc,73,tile_fused:trisc_kernel_base,1
1.656,1.715,0,active,13223615381594,13223615381653,slot0_x1_y1,0,1,1,TILE,THROUGHPUT_SECTION,/hdd/flapmax/tt-metal/tt_metal/hw/firmware/src/tt-1xx/trisck.cc,73,tile_fused:explicit_throughput,1
1.715,1.77,0,stall,13223615381653,13223615381708,slot0_x1_y1,0,1,1,TILE,TRISC-KERNEL,/hdd/flapmax/tt-metal/tt_metal/hw/firmware/src/tt-1xx/trisck.cc,73,tile_fused:trisc_kernel_base,1
1.77,1.798,0,active,13223615381708,13223615381736,slot0_x1_y1,0,1,1,TILE,THROUGHPUT_SECTION,/hdd/flapmax/tt-metal/tt_metal/hw/firmware/src/tt-1xx/trisck.cc,73,tile_fused:explicit_throughput,1
1.798,1.94,0,stall,13223615381736,13223615381878,slot0_x1_y1,0,1,1,TILE,TRISC-KERNEL,/hdd/flapmax/tt-metal/tt_metal/hw/firmware/src/tt-1xx/trisck.cc,73,tile_fused:trisc_kernel_base,1
1.94,1.959,0,active,13223615381878,13223615381897,slot0_x1_y1,0,1,1,TILE,THROUGHPUT_SECTION,/hdd/flapmax/tt-metal/tt_metal/hw/firmware/src/tt-1xx/trisck.cc,73,tile_fused:explicit_throughput,1
1.959,2.38,0,stall,13223615381897,13223615382318,slot0_x1_y1,0,1,1,TILE,TRISC-KERNEL,/hdd/flapmax/tt-metal/tt_metal/hw/firmware/src/tt-1xx/trisck.cc,73,tile_fused:trisc_kernel_base,1
2.38,2.43,0,active,13223615382318,13223615382368,slot0_x1_y1,0,1,1,TILE,THROUGHPUT_SECTION,/hdd/flapmax/tt-metal/tt_metal/hw/firmware/src/tt-1xx/trisck.cc,73,tile_fused:explicit_throughput,1
2.43,2.487,0,stall,13223615382368,13223615382425,slot0_x1_y1,0,1,1,TILE,TRISC-KERNEL,/hdd/flapmax/tt-metal/tt_metal/hw/firmware/src/tt-1xx/trisck.cc,73,tile_fused:trisc_kernel_base,1
2.487,2.516,0,active,13223615382425,13223615382454,slot0_x1_y1,0,1,1,TILE,THROUGHPUT_SECTION,/hdd/flapmax/tt-metal/tt_metal/hw/firmware/src/tt-1xx/trisck.cc,73,tile_fused:explicit_throughput,1
2.516,2.552,0,stall,13223615382454,13223615382490,slot0_x1_y1,0,1,1,TILE,TRISC-KERNEL,/hdd/flapmax/tt-metal/tt_metal/hw/firmware/src/tt-1xx/trisck.cc,73,tile_fused:trisc_kernel_base,1
2.552,2.572,0,active,13223615382490,13223615382510,slot0_x1_y1,0,1,1,TILE,THROUGHPUT_SECTION,/hdd/flapmax/tt-metal/tt_metal/hw/firmware/src/tt-1xx/trisck.cc,73,tile_fused:explicit_throughput,1
2.572,3.004,0,stall,13223615382510,13223615382942,slot0_x1_y1,0,1,1,TILE,TRISC-KERNEL,/hdd/flapmax/tt-metal/tt_metal/hw/firmware/src/tt-1xx/trisck.cc,73,tile_fused:trisc_kernel_base,1
3.004,3.06,0,active,13223615382942,13223615382998,slot0_x1_y1,0,1,1,TILE,THROUGHPUT_SECTION,/hdd/flapmax/tt-metal/tt_metal/hw/firmware/src/tt-1xx/trisck.cc,73,tile_fused:explicit_throughput,1
3.06,3.114,0,stall,13223615382998,13223615383052,slot0_x1_y1,0,1,1,TILE,TRISC-KERNEL,/hdd/flapmax/tt-metal/tt_metal/hw/firmware/src/tt-1xx/trisck.cc,73,tile_fused:trisc_kernel_base,1
3.114,3.142,0,active,13223615383052,13223615383080,slot0_x1_y1,0,1,1,TILE,THROUGHPUT_SECTION,/hdd/flapmax/tt-metal/tt_metal/hw/firmware/src/tt-1xx/trisck.cc,73,tile_fused:explicit_throughput,1
3.142,3.187,0,stall,13223615383080,13223615383125,slot0_x1_y1,0,1,1,TILE,TRISC-KERNEL,/hdd/flapmax/tt-metal/tt_metal/hw/firmware/src/tt-1xx/trisck.cc,73,tile_fused:trisc_kernel_base,1
3.187,3.206,0,active,13223615383125,13223615383144,slot0_x1_y1,0,1,1,TILE,THROUGHPUT_SECTION,/hdd/flapmax/tt-metal/tt_metal/hw/firmware/src/tt-1xx/trisck.cc,73,tile_fused:explicit_throughput,1
3.206,3.514,0,stall,13223615383144,13223615383452,slot0_x1_y1,0,1,1,TILE,TRISC-KERNEL,/hdd/flapmax/tt-metal/tt_metal/hw/firmware/src/tt-1xx/trisck.cc,73,tile_fused:trisc_kernel_base,1
3.514,3.565,0,active,13223615383452,13223615383503,slot0_x1_y1,0,1,1,TILE,THROUGHPUT_SECTION,/hdd/flapmax/tt-metal/tt_metal/hw/firmware/src/tt-1xx/trisck.cc,73,tile_fused:explicit_throughput,1
3.565,3.617,0,stall,13223615383503,13223615383555,slot0_x1_y1,0,1,1,TILE,TRISC-KERNEL,/hdd/flapmax/tt-metal/tt_metal/hw/firmware/src/tt-1xx/trisck.cc,73,tile_fused:trisc_kernel_base,1
3.617,3.645,0,active,13223615383555,13223615383583,slot0_x1_y1,0,1,1,TILE,THROUGHPUT_SECTION,/hdd/flapmax/tt-metal/tt_metal/hw/firmware/src/tt-1xx/trisck.cc,73,tile_fused:explicit_throughput,1
3.645,3.822,0,stall,13223615383583,13223615383760,slot0_x1_y1,0,1,1,TILE,TRISC-KERNEL,/hdd/flapmax/tt-metal/tt_metal/hw/firmware/src/tt-1xx/trisck.cc,73,tile_fused:trisc_kernel_base,1
3.822,3.842,0,active,13223615383760,13223615383780,slot0_x1_y1,0,1,1,TILE,THROUGHPUT_SECTION,/hdd/flapmax/tt-metal/tt_metal/hw/firmware/src/tt-1xx/trisck.cc,73,tile_fused:explicit_throughput,1
3.842,4.149,0,stall,13223615383780,13223615384087,slot0_x1_y1,0,1,1,TILE,TRISC-KERNEL,/hdd/flapmax/tt-metal/tt_metal/hw/firmware/src/tt-1xx/trisck.cc,73,tile_fused:trisc_kernel_base,1
4.149,4.206,0,active,13223615384087,13223615384144,slot0_x1_y1,0,1,1,TILE,THROUGHPUT_SECTION,/hdd/flapmax/tt-metal/tt_metal/hw/firmware/src/tt-1xx/trisck.cc,73,tile_fused:explicit_throughput,1
4.206,4.258,0,stall,13223615384144,13223615384196,slot0_x1_y1,0,1,1,TILE,TRISC-KERNEL,/hdd/flapmax/tt-metal/tt_metal/hw/firmware/src/tt-1xx/trisck.cc,73,tile_fused:trisc_kernel_base,1
4.258,4.285,0,active,13223615384196,13223615384223,slot0_x1_y1,0,1,1,TILE,THROUGHPUT_SECTION,/hdd/flapmax/tt-metal/tt_metal/hw/firmware/src/tt-1xx/trisck.cc,73,tile_fused:explicit_throughput,1
4.285,4.325,0,stall,13223615384223,13223615384263,slot0_x1_y1,0,1,1,TILE,TRISC-KERNEL,/hdd/flapmax/tt-metal/tt_metal/hw/firmware/src/tt-1xx/trisck.cc,73,tile_fused:trisc_kernel_base,1
4.325,4.345,0,active,13223615384263,13223615384283,slot0_x1_y1,0,1,1,TILE,THROUGHPUT_SECTION,/hdd/flapmax/tt-metal/tt_metal/hw/firmware/src/tt-1xx/trisck.cc,73,tile_fused:explicit_throughput,1
4.345,4.777,0,stall,13223615384283,13223615384715,slot0_x1_y1,0,1,1,TILE,TRISC-KERNEL,/hdd/flapmax/tt-metal/tt_metal/hw/firmware/src/tt-1xx/trisck.cc,73,tile_fused:trisc_kernel_base,1
4.777,4.826,0,active,13223615384715,13223615384764,slot0_x1_y1,0,1,1,TILE,THROUGHPUT_SECTION,/hdd/flapmax/tt-metal/tt_metal/hw/firmware/src/tt-1xx/trisck.cc,73,tile_fused:explicit_throughput,1
4.826,4.886,0,stall,13223615384764,13223615384824,slot0_x1_y1,0,1,1,TILE,TRISC-KERNEL,/hdd/flapmax/tt-metal/tt_metal/hw/firmware/src/tt-1xx/trisck.cc,73,tile_fused:trisc_kernel_base,1
4.886,4.915,0,active,13223615384824,13223615384853,slot0_x1_y1,0,1,1,TILE,THROUGHPUT_SECTION,/hdd/flapmax/tt-metal/tt_metal/hw/firmware/src/tt-1xx/trisck.cc,73,tile_fused:explicit_throughput,1
4.915,5.027,0,stall,13223615384853,13223615384965,slot0_x1_y1,0,1,1,TILE,TRISC-KERNEL,/hdd/flapmax/tt-metal/tt_metal/hw/firmware/src/tt-1xx/trisck.cc,73,tile_fused:trisc_kernel_base,1
5.027,5.046,0,active,13223615384965,13223615384984,slot0_x1_y1,0,1,1,TILE,THROUGHPUT_SECTION,/hdd/flapmax/tt-metal/tt_metal/hw/firmware/src/tt-1xx/trisck.cc,73,tile_fused:explicit_throughput,1
5.046,5.399,0,stall,13223615384984,13223615385337,slot0_x1_y1,0,1,1,TILE,TRISC-KERNEL,/hdd/flapmax/tt-metal/tt_metal/hw/firmware/src/tt-1xx/trisck.cc,73,tile_fused:trisc_kernel_base,1
5.399,5.455,0,active,13223615385337,13223615385393,slot0_x1_y1,0,1,1,TILE,THROUGHPUT_SECTION,/hdd/flapmax/tt-metal/tt_metal/hw/firmware/src/tt-1xx/trisck.cc,73,tile_fused:explicit_throughput,1
5.455,5.507,0,stall,13223615385393,13223615385445,slot0_x1_y1,0,1,1,TILE,TRISC-KERNEL,/hdd/flapmax/tt-metal/tt_metal/hw/firmware/src/tt-1xx/trisck.cc,73,tile_fused:trisc_kernel_base,1
5.507,5.534,0,active,13223615385445,13223615385472,slot0_x1_y1,0,1,1,TILE,THROUGHPUT_SECTION,/hdd/flapmax/tt-metal/tt_metal/hw/firmware/src/tt-1xx/trisck.cc,73,tile_fused:explicit_throughput,1
5.534,5.574,0,stall,13223615385472,13223615385512,slot0_x1_y1,0,1,1,TILE,TRISC-KERNEL,/hdd/flapmax/tt-metal/tt_metal/hw/firmware/src/tt-1xx/trisck.cc,73,tile_fused:trisc_kernel_base,1
5.574,5.594,0,active,13223615385512,13223615385532,slot0_x1_y1,0,1,1,TILE,THROUGHPUT_SECTION,/hdd/flapmax/tt-metal/tt_metal/hw/firmware/src/tt-1xx/trisck.cc,73,tile_fused:explicit_throughput,1
5.594,6.027,0,stall,13223615385532,13223615385965,slot0_x1_y1,0,1,1,TILE,TRISC-KERNEL,/hdd/flapmax/tt-metal/tt_metal/hw/firmware/src/tt-1xx/trisck.cc,73,tile_fused:trisc_kernel_base,1
6.027,6.076,0,active,13223615385965,13223615386014,slot0_x1_y1,0,1,1,TILE,THROUGHPUT_SECTION,/hdd/flapmax/tt-metal/tt_metal/hw/firmware/src/tt-1xx/trisck.cc,73,tile_fused:explicit_throughput,1
6.076,6.129,0,stall,13223615386014,13223615386067,slot0_x1_y1,0,1,1,TILE,TRISC-KERNEL,/hdd/flapmax/tt-metal/tt_metal/hw/firmware/src/tt-1xx/trisck.cc,73,tile_fused:trisc_kernel_base,1
6.129,6.159,0,active,13223615386067,13223615386097,slot0_x1_y1,0,1,1,TILE,THROUGHPUT_SECTION,/hdd/flapmax/tt-metal/tt_metal/hw/firmware/src/tt-1xx/trisck.cc,73,tile_fused:explicit_throughput,1
6.159,6.39,0,stall,13223615386097,13223615386328,slot0_x1_y1,0,1,1,TILE,TRISC-KERNEL,/hdd/flapmax/tt-metal/tt_metal/hw/firmware/src/tt-1xx/trisck.cc,73,tile_fused:trisc_kernel_base,1
6.39,6.41,0,active,13223615386328,13223615386348,slot0_x1_y1,0,1,1,TILE,THROUGHPUT_SECTION,/hdd/flapmax/tt-metal/tt_metal/hw/firmware/src/tt-1xx/trisck.cc,73,tile_fused:explicit_throughput,1
6.41,6.651,0,stall,13223615386348,13223615386589,slot0_x1_y1,0,1,1,TILE,TRISC-KERNEL,/hdd/flapmax/tt-metal/tt_metal/hw/firmware/src/tt-1xx/trisck.cc,73,tile_fused:trisc_kernel_base,1
6.651,6.707,0,active,13223615386589,13223615386645,slot0_x1_y1,0,1,1,TILE,THROUGHPUT_SECTION,/hdd/flapmax/tt-metal/tt_metal/hw/firmware/src/tt-1xx/trisck.cc,73,tile_fused:explicit_throughput,1
6.707,6.761,0,stall,13223615386645,13223615386699,slot0_x1_y1,0,1,1,TILE,TRISC-KERNEL,/hdd/flapmax/tt-metal/tt_metal/hw/firmware/src/tt-1xx/trisck.cc,73,tile_fused:trisc_kernel_base,1
6.761,6.792,0,active,13223615386699,13223615386730,slot0_x1_y1,0,1,1,TILE,THROUGHPUT_SECTION,/hdd/flapmax/tt-metal/tt_metal/hw/firmware/src/tt-1xx/trisck.cc,73,tile_fused:explicit_throughput,1
6.792,6.914,0,stall,13223615386730,13223615386852,slot0_x1_y1,0,1,1,TILE,TRISC-KERNEL,/hdd/flapmax/tt-metal/tt_metal/hw/firmware/src/tt-1xx/trisck.cc,73,tile_fused:trisc_kernel_base,1
6.914,6.933,0,active,13223615386852,13223615386871,slot0_x1_y1,0,1,1,TILE,THROUGHPUT_SECTION,/hdd/flapmax/tt-metal/tt_metal/hw/firmware/src/tt-1xx/trisck.cc,73,tile_fused:explicit_throughput,1
6.933,7.287,0,stall,13223615386871,13223615387225,slot0_x1_y1,0,1,1,TILE,TRISC-KERNEL,/hdd/flapmax/tt-metal/tt_metal/hw/firmware/src/tt-1xx/trisck.cc,73,tile_fused:trisc_kernel_base,1
7.287,7.336,0,active,13223615387225,13223615387274,slot0_x1_y1,0,1,1,TILE,THROUGHPUT_SECTION,/hdd/flapmax/tt-metal/tt_metal/hw/firmware/src/tt-1xx/trisck.cc,73,tile_fused:explicit_throughput,1
7.336,7.394,0,stall,13223615387274,13223615387332,slot0_x1_y1,0,1,1,TILE,TRISC-KERNEL,/hdd/flapmax/tt-metal/tt_metal/hw/firmware/src/tt-1xx/trisck.cc,73,tile_fused:trisc_kernel_base,1
7.394,7.423,0,active,13223615387332,13223615387361,slot0_x1_y1,0,1,1,TILE,THROUGHPUT_SECTION,/hdd/flapmax/tt-metal/tt_metal/hw/firmware/src/tt-1xx/trisck.cc,73,tile_fused:explicit_throughput,1
7.423,7.458,0,stall,13223615387361,13223615387396,slot0_x1_y1,0,1,1,TILE,TRISC-KERNEL,/hdd/flapmax/tt-metal/tt_metal/hw/firmware/src/tt-1xx/trisck.cc,73,tile_fused:trisc_kernel_base,1
7.458,7.478,0,active,13223615387396,13223615387416,slot0_x1_y1,0,1,1,TILE,THROUGHPUT_SECTION,/hdd/flapmax/tt-metal/tt_metal/hw/firmware/src/tt-1xx/trisck.cc,73,tile_fused:explicit_throughput,1
7.478,7.91,0,stall,13223615387416,13223615387848,slot0_x1_y1,0,1,1,TILE,TRISC-KERNEL,/hdd/flapmax/tt-metal/tt_metal/hw/firmware/src/tt-1xx/trisck.cc,73,tile_fused:trisc_kernel_base,1
7.91,7.966,0,active,13223615387848,13223615387904,slot0_x1_y1,0,1,1,TILE,THROUGHPUT_SECTION,/hdd/flapmax/tt-metal/tt_metal/hw/firmware/src/tt-1xx/trisck.cc,73,tile_fused:explicit_throughput,1
7.966,8.019,0,stall,13223615387904,13223615387957,slot0_x1_y1,0,1,1,TILE,TRISC-KERNEL,/hdd/flapmax/tt-metal/tt_metal/hw/firmware/src/tt-1xx/trisck.cc,73,tile_fused:trisc_kernel_base,1
8.019,8.047,0,active,13223615387957,13223615387985,slot0_x1_y1,0,1,1,TILE,THROUGHPUT_SECTION,/hdd/flapmax/tt-metal/tt_metal/hw/firmware/src/tt-1xx/trisck.cc,73,tile_fused:explicit_throughput,1
8.047,8.093,0,stall,13223615387985,13223615388031,slot0_x1_y1,0,1,1,TILE,TRISC-KERNEL,/hdd/flapmax/tt-metal/tt_metal/hw/firmware/src/tt-1xx/trisck.cc,73,tile_fused:trisc_kernel_base,1
8.093,8.112,0,active,13223615388031,13223615388050,slot0_x1_y1,0,1,1,TILE,THROUGHPUT_SECTION,/hdd/flapmax/tt-metal/tt_metal/hw/firmware/src/tt-1xx/trisck.cc,73,tile_fused:explicit_throughput,1
8.112,8.535,0,stall,13223615388050,13223615388473,slot0_x1_y1,0,1,1,TILE,TRISC-KERNEL,/hdd/flapmax/tt-metal/tt_metal/hw/firmware/src/tt-1xx/trisck.cc,73,tile_fused:trisc_kernel_base,1
8.535,8.585,0,active,13223615388473,13223615388523,slot0_x1_y1,0,1,1,TILE,THROUGHPUT_SECTION,/hdd/flapmax/tt-metal/tt_metal/hw/firmware/src/tt-1xx/trisck.cc,73,tile_fused:explicit_throughput,1
8.585,8.637,0,stall,13223615388523,13223615388575,slot0_x1_y1,0,1,1,TILE,TRISC-KERNEL,/hdd/flapmax/tt-metal/tt_metal/hw/firmware/src/tt-1xx/trisck.cc,73,tile_fused:trisc_kernel_base,1
8.637,8.667,0,active,13223615388575,13223615388605,slot0_x1_y1,0,1,1,TILE,THROUGHPUT_SECTION,/hdd/flapmax/tt-metal/tt_metal/hw/firmware/src/tt-1xx/trisck.cc,73,tile_fused:explicit_throughput,1
8.667,8.899,0,stall,13223615388605,13223615388837,slot0_x1_y1,0,1,1,TILE,TRISC-KERNEL,/hdd/flapmax/tt-metal/tt_metal/hw/firmware/src/tt-1xx/trisck.cc,73,tile_fused:trisc_kernel_base,1
8.899,8.918,0,active,13223615388837,13223615388856,slot0_x1_y1,0,1,1,TILE,THROUGHPUT_SECTION,/hdd/flapmax/tt-metal/tt_metal/hw/firmware/src/tt-1xx/trisck.cc,73,tile_fused:explicit_throughput,1
8.918,9.057,0,stall,13223615388856,13223615388995,slot0_x1_y1,0,1,1,TILE,TRISC-KERNEL,/hdd/flapmax/tt-metal/tt_metal/hw/firmware/src/tt-1xx/trisck.cc,73,tile_fused:trisc_kernel_base,1
9.057,9.113,0,active,13223615388995,13223615389051,slot0_x1_y1,0,1,1,TILE,THROUGHPUT_SECTION,/hdd/flapmax/tt-metal/tt_metal/hw/firmware/src/tt-1xx/trisck.cc,73,tile_fused:explicit_throughput,1
9.113,9.164,0,stall,13223615389051,13223615389102,slot0_x1_y1,0,1,1,TILE,TRISC-KERNEL,/hdd/flapmax/tt-metal/tt_metal/hw/firmware/src/tt-1xx/trisck.cc,73,tile_fused:trisc_kernel_base,1
9.164,9.193,0,active,13223615389102,13223615389131,slot0_x1_y1,0,1,1,TILE,THROUGHPUT_SECTION,/hdd/flapmax/tt-metal/tt_metal/hw/firmware/src/tt-1xx/trisck.cc,73,tile_fused:explicit_throughput,1
9.193,9.428,0,stall,13223615389131,13223615389366,slot0_x1_y1,0,1,1,TILE,TRISC-KERNEL,/hdd/flapmax/tt-metal/tt_metal/hw/firmware/src/tt-1xx/trisck.cc,73,tile_fused:trisc_kernel_base,1
9.428,9.449,0,active,13223615389366,13223615389387,slot0_x1_y1,0,1,1,TILE,THROUGHPUT_SECTION,/hdd/flapmax/tt-metal/tt_metal/hw/firmware/src/tt-1xx/trisck.cc,73,tile_fused:explicit_throughput,1
9.449,9.827,0,stall,13223615389387,13223615389765,slot0_x1_y1,0,1,1,TILE,TRISC-KERNEL,/hdd/flapmax/tt-metal/tt_metal/hw/firmware/src/tt-1xx/trisck.cc,73,tile_fused:trisc_kernel_base,1
9.827,9.876,0,active,13223615389765,13223615389814,slot0_x1_y1,0,1,1,TILE,THROUGHPUT_SECTION,/hdd/flapmax/tt-metal/tt_metal/hw/firmware/src/tt-1xx/trisck.cc,73,tile_fused:explicit_throughput,1
9.876,9.935,0,stall,13223615389814,13223615389873,slot0_x1_y1,0,1,1,TILE,TRISC-KERNEL,/hdd/flapmax/tt-metal/tt_metal/hw/firmware/src/tt-1xx/trisck.cc,73,tile_fused:trisc_kernel_base,1
9.935,9.966,0,active,13223615389873,13223615389904,slot0_x1_y1,0,1,1,TILE,THROUGHPUT_SECTION,/hdd/flapmax/tt-metal/tt_metal/hw/firmware/src/tt-1xx/trisck.cc,73,tile_fused:explicit_throughput,1
9.966,10.0,0,stall,13223615389904,13223615389938,slot0_x1_y1,0,1,1,TILE,TRISC-KERNEL,/hdd/flapmax/tt-metal/tt_metal/hw/firmware/src/tt-1xx/trisck.cc,73,tile_fused:trisc_kernel_base,1
10.0,10.019,0,active,13223615389938,13223615389957,slot0_x1_y1,0,1,1,TILE,THROUGHPUT_SECTION,/hdd/flapmax/tt-metal/tt_metal/hw/firmware/src/tt-1xx/trisck.cc,73,tile_fused:explicit_throughput,1
10.019,10.455,0,stall,13223615389957,13223615390393,slot0_x1_y1,0,1,1,TILE,TRISC-KERNEL,/hdd/flapmax/tt-metal/tt_metal/hw/firmware/src/tt-1xx/trisck.cc,73,tile_fused:trisc_kernel_base,1
10.455,10.512,0,active,13223615390393,13223615390450,slot0_x1_y1,0,1,1,TILE,THROUGHPUT_SECTION,/hdd/flapmax/tt-metal/tt_metal/hw/firmware/src/tt-1xx/trisck.cc,73,tile_fused:explicit_throughput,1
10.512,10.563,0,stall,13223615390450,13223615390501,slot0_x1_y1,0,1,1,TILE,TRISC-KERNEL,/hdd/flapmax/tt-metal/tt_metal/hw/firmware/src/tt-1xx/trisck.cc,73,tile_fused:trisc_kernel_base,1
10.563,10.592,0,active,13223615390501,13223615390530,slot0_x1_y1,0,1,1,TILE,THROUGHPUT_SECTION,/hdd/flapmax/tt-metal/tt_metal/hw/firmware/src/tt-1xx/trisck.cc,73,tile_fused:explicit_throughput,1
10.592,10.643,0,stall,13223615390530,13223615390581,slot0_x1_y1,0,1,1,TILE,TRISC-KERNEL,/hdd/flapmax/tt-metal/tt_metal/hw/firmware/src/tt-1xx/trisck.cc,73,tile_fused:trisc_kernel_base,1
10.643,10.664,0,active,13223615390581,13223615390602,slot0_x1_y1,0,1,1,TILE,THROUGHPUT_SECTION,/hdd/flapmax/tt-metal/tt_metal/hw/firmware/src/tt-1xx/trisck.cc,73,tile_fused:explicit_throughput,1
10.664,10.957,0,stall,13223615390602,13223615390895,slot0_x1_y1,0,1,1,TILE,TRISC-KERNEL,/hdd/flapmax/tt-metal/tt_metal/hw/firmware/src/tt-1xx/trisck.cc,73,tile_fused:trisc_kernel_base,1
10.957,11.007,0,active,13223615390895,13223615390945,slot0_x1_y1,0,1,1,TILE,THROUGHPUT_SECTION,/hdd/flapmax/tt-metal/tt_metal/hw/firmware/src/tt-1xx/trisck.cc,73,tile_fused:explicit_throughput,1
11.007,11.059,0,stall,13223615390945,13223615390997,slot0_x1_y1,0,1,1,TILE,TRISC-KERNEL,/hdd/flapmax/tt-metal/tt_metal/hw/firmware/src/tt-1xx/trisck.cc,73,tile_fused:trisc_kernel_base,1
11.059,11.087,0,active,13223615390997,13223615391025,slot0_x1_y1,0,1,1,TILE,THROUGHPUT_SECTION,/hdd/flapmax/tt-metal/tt_metal/hw/firmware/src/tt-1xx/trisck.cc,73,tile_fused:explicit_throughput,1
11.087,11.249,0,stall,13223615391025,13223615391187,slot0_x1_y1,0,1,1,TILE,TRISC-KERNEL,/hdd/flapmax/tt-metal/tt_metal/hw/firmware/src/tt-1xx/trisck.cc,73,tile_fused:trisc_kernel_base,1
11.249,11.268,0,active,13223615391187,13223615391206,slot0_x1_y1,0,1,1,TILE,THROUGHPUT_SECTION,/hdd/flapmax/tt-metal/tt_metal/hw/firmware/src/tt-1xx/trisck.cc,73,tile_fused:explicit_throughput,1
11.268,11.59,0,stall,13223615391206,13223615391528,slot0_x1_y1,0,1,1,TILE,TRISC-KERNEL,/hdd/flapmax/tt-metal/tt_metal/hw/firmware/src/tt-1xx/trisck.cc,73,tile_fused:trisc_kernel_base,1
11.59,11.647,0,active,13223615391528,13223615391585,slot0_x1_y1,0,1,1,TILE,THROUGHPUT_SECTION,/hdd/flapmax/tt-metal/tt_metal/hw/firmware/src/tt-1xx/trisck.cc,73,tile_fused:explicit_throughput,1
11.647,11.701,0,stall,13223615391585,13223615391639,slot0_x1_y1,0,1,1,TILE,TRISC-KERNEL,/hdd/flapmax/tt-metal/tt_metal/hw/firmware/src/tt-1xx/trisck.cc,73,tile_fused:trisc_kernel_base,1
11.701,11.73,0,active,13223615391639,13223615391668,slot0_x1_y1,0,1,1,TILE,THROUGHPUT_SECTION,/hdd/flapmax/tt-metal/tt_metal/hw/firmware/src/tt-1xx/trisck.cc,73,tile_fused:explicit_throughput,1
11.73,11.768,0,stall,13223615391668,13223615391706,slot0_x1_y1,0,1,1,TILE,TRISC-KERNEL,/hdd/flapmax/tt-metal/tt_metal/hw/firmware/src/tt-1xx/trisck.cc,73,tile_fused:trisc_kernel_base,1
11.768,11.787,0,active,13223615391706,13223615391725,slot0_x1_y1,0,1,1,TILE,THROUGHPUT_SECTION,/hdd/flapmax/tt-metal/tt_metal/hw/firmware/src/tt-1xx/trisck.cc,73,tile_fused:explicit_throughput,1
11.787,12.215,0,stall,13223615391725,13223615392153,slot0_x1_y1,0,1,1,TILE,TRISC-KERNEL,/hdd/flapmax/tt-metal/tt_metal/hw/firmware/src/tt-1xx/trisck.cc,73,tile_fused:trisc_kernel_base,1
12.215,12.264,0,active,13223615392153,13223615392202,slot0_x1_y1,0,1,1,TILE,THROUGHPUT_SECTION,/hdd/flapmax/tt-metal/tt_metal/hw/firmware/src/tt-1xx/trisck.cc,73,tile_fused:explicit_throughput,1
12.264,12.326,0,stall,13223615392202,13223615392264,slot0_x1_y1,0,1,1,TILE,TRISC-KERNEL,/hdd/flapmax/tt-metal/tt_metal/hw/firmware/src/tt-1xx/trisck.cc,73,tile_fused:trisc_kernel_base,1
12.326,12.356,0,active,13223615392264,13223615392294,slot0_x1_y1,0,1,1,TILE,THROUGHPUT_SECTION,/hdd/flapmax/tt-metal/tt_metal/hw/firmware/src/tt-1xx/trisck.cc,73,tile_fused:explicit_throughput,1
12.356,12.578,0,stall,13223615392294,13223615392516,slot0_x1_y1,0,1,1,TILE,TRISC-KERNEL,/hdd/flapmax/tt-metal/tt_metal/hw/firmware/src/tt-1xx/trisck.cc,73,tile_fused:trisc_kernel_base,1
12.578,12.597,0,active,13223615392516,13223615392535,slot0_x1_y1,0,1,1,TILE,THROUGHPUT_SECTION,/hdd/flapmax/tt-metal/tt_metal/hw/firmware/src/tt-1xx/trisck.cc,73,tile_fused:explicit_throughput,1
12.597,12.836,0,stall,13223615392535,13223615392774,slot0_x1_y1,0,1,1,TILE,TRISC-KERNEL,/hdd/flapmax/tt-metal/tt_metal/hw/firmware/src/tt-1xx/trisck.cc,73,tile_fused:trisc_kernel_base,1
12.836,12.893,0,active,13223615392774,13223615392831,slot0_x1_y1,0,1,1,TILE,THROUGHPUT_SECTION,/hdd/flapmax/tt-metal/tt_metal/hw/firmware/src/tt-1xx/trisck.cc,73,tile_fused:explicit_throughput,1
12.893,12.947,0,stall,13223615392831,13223615392885,slot0_x1_y1,0,1,1,TILE,TRISC-KERNEL,/hdd/flapmax/tt-metal/tt_metal/hw/firmware/src/tt-1xx/trisck.cc,73,tile_fused:trisc_kernel_base,1
12.947,12.975,0,active,13223615392885,13223615392913,slot0_x1_y1,0,1,1,TILE,THROUGHPUT_SECTION,/hdd/flapmax/tt-metal/tt_metal/hw/firmware/src/tt-1xx/trisck.cc,73,tile_fused:explicit_throughput,1
12.975,13.101,0,stall,13223615392913,13223615393039,slot0_x1_y1,0,1,1,TILE,TRISC-KERNEL,/hdd/flapmax/tt-metal/tt_metal/hw/firmware/src/tt-1xx/trisck.cc,73,tile_fused:trisc_kernel_base,1
13.101,13.121,0,active,13223615393039,13223615393059,slot0_x1_y1,0,1,1,TILE,THROUGHPUT_SECTION,/hdd/flapmax/tt-metal/tt_metal/hw/firmware/src/tt-1xx/trisck.cc,73,tile_fused:explicit_throughput,1
13.121,13.455,0,stall,13223615393059,13223615393393,slot0_x1_y1,0,1,1,TILE,TRISC-KERNEL,/hdd/flapmax/tt-metal/tt_metal/hw/firmware/src/tt-1xx/trisck.cc,73,tile_fused:trisc_kernel_base,1
13.455,13.504,0,active,13223615393393,13223615393442,slot0_x1_y1,0,1,1,TILE,THROUGHPUT_SECTION,/hdd/flapmax/tt-metal/tt_metal/hw/firmware/src/tt-1xx/trisck.cc,73,tile_fused:explicit_throughput,1
13.504,13.557,0,stall,13223615393442,13223615393495,slot0_x1_y1,0,1,1,TILE,TRISC-KERNEL,/hdd/flapmax/tt-metal/tt_metal/hw/firmware/src/tt-1xx/trisck.cc,73,tile_fused:trisc_kernel_base,1
13.557,13.586,0,active,13223615393495,13223615393524,slot0_x1_y1,0,1,1,TILE,THROUGHPUT_SECTION,/hdd/flapmax/tt-metal/tt_metal/hw/firmware/src/tt-1xx/trisck.cc,73,tile_fused:explicit_throughput,1
13.586,13.645,0,stall,13223615393524,13223615393583,slot0_x1_y1,0,1,1,TILE,TRISC-KERNEL,/hdd/flapmax/tt-metal/tt_metal/hw/firmware/src/tt-1xx/trisck.cc,73,tile_fused:trisc_kernel_base,1
13.645,13.664,0,active,13223615393583,13223615393602,slot0_x1_y1,0,1,1,TILE,THROUGHPUT_SECTION,/hdd/flapmax/tt-metal/tt_metal/hw/firmware/src/tt-1xx/trisck.cc,73,tile_fused:explicit_throughput,1
13.664,14.08,0,stall,13223615393602,13223615394018,slot0_x1_y1,0,1,1,TILE,TRISC-KERNEL,/hdd/flapmax/tt-metal/tt_metal/hw/firmware/src/tt-1xx/trisck.cc,73,tile_fused:trisc_kernel_base,1
14.08,14.136,0,active,13223615394018,13223615394074,slot0_x1_y1,0,1,1,TILE,THROUGHPUT_SECTION,/hdd/flapmax/tt-metal/tt_metal/hw/firmware/src/tt-1xx/trisck.cc,73,tile_fused:explicit_throughput,1
14.136,14.188,0,stall,13223615394074,13223615394126,slot0_x1_y1,0,1,1,TILE,TRISC-KERNEL,/hdd/flapmax/tt-metal/tt_metal/hw/firmware/src/tt-1xx/trisck.cc,73,tile_fused:trisc_kernel_base,1
14.188,14.216,0,active,13223615394126,13223615394154,slot0_x1_y1,0,1,1,TILE,THROUGHPUT_SECTION,/hdd/flapmax/tt-metal/tt_metal/hw/firmware/src/tt-1xx/trisck.cc,73,tile_fused:explicit_throughput,1
14.216,14.257,0,stall,13223615394154,13223615394195,slot0_x1_y1,0,1,1,TILE,TRISC-KERNEL,/hdd/flapmax/tt-metal/tt_metal/hw/firmware/src/tt-1xx/trisck.cc,73,tile_fused:trisc_kernel_base,1
14.257,14.278,0,active,13223615394195,13223615394216,slot0_x1_y1,0,1,1,TILE,THROUGHPUT_SECTION,/hdd/flapmax/tt-metal/tt_metal/hw/firmware/src/tt-1xx/trisck.cc,73,tile_fused:explicit_throughput,1
14.278,14.717,0,stall,13223615394216,13223615394655,slot0_x1_y1,0,1,1,TILE,TRISC-KERNEL,/hdd/flapmax/tt-metal/tt_metal/hw/firmware/src/tt-1xx/trisck.cc,73,tile_fused:trisc_kernel_base,1
14.717,14.766,0,active,13223615394655,13223615394704,slot0_x1_y1,0,1,1,TILE,THROUGHPUT_SECTION,/hdd/flapmax/tt-metal/tt_metal/hw/firmware/src/tt-1xx/trisck.cc,73,tile_fused:explicit_throughput,1
14.766,14.826,0,stall,13223615394704,13223615394764,slot0_x1_y1,0,1,1,TILE,TRISC-KERNEL,/hdd/flapmax/tt-metal/tt_metal/hw/firmware/src/tt-1xx/trisck.cc,73,tile_fused:trisc_kernel_base,1
14.826,14.855,0,active,13223615394764,13223615394793,slot0_x1_y1,0,1,1,TILE,THROUGHPUT_SECTION,/hdd/flapmax/tt-metal/tt_metal/hw/firmware/src/tt-1xx/trisck.cc,73,tile_fused:explicit_throughput,1
14.855,14.971,0,stall,13223615394793,13223615394909,slot0_x1_y1,0,1,1,TILE,TRISC-KERNEL,/hdd/flapmax/tt-metal/tt_metal/hw/firmware/src/tt-1xx/trisck.cc,73,tile_fused:trisc_kernel_base,1
14.971,14.99,0,active,13223615394909,13223615394928,slot0_x1_y1,0,1,1,TILE,THROUGHPUT_SECTION,/hdd/flapmax/tt-metal/tt_metal/hw/firmware/src/tt-1xx/trisck.cc,73,tile_fused:explicit_throughput,1
14.99,15.34,0,stall,13223615394928,13223615395278,slot0_x1_y1,0,1,1,TILE,TRISC-KERNEL,/hdd/flapmax/tt-metal/tt_metal/hw/firmware/src/tt-1xx/trisck.cc,73,tile_fused:trisc_kernel_base,1
15.34,15.396,0,active,13223615395278,13223615395334,slot0_x1_y1,0,1,1,TILE,THROUGHPUT_SECTION,/hdd/flapmax/tt-metal/tt_metal/hw/firmware/src/tt-1xx/trisck.cc,73,tile_fused:explicit_throughput,1
15.396,15.448,0,stall,13223615395334,13223615395386,slot0_x1_y1,0,1,1,TILE,TRISC-KERNEL,/hdd/flapmax/tt-metal/tt_metal/hw/firmware/src/tt-1xx/trisck.cc,73,tile_fused:trisc_kernel_base,1
15.448,15.477,0,active,13223615395386,13223615395415,slot0_x1_y1,0,1,1,TILE,THROUGHPUT_SECTION,/hdd/flapmax/tt-metal/tt_metal/hw/firmware/src/tt-1xx/trisck.cc,73,tile_fused:explicit_throughput,1
15.477,15.515,0,stall,13223615395415,13223615395453,slot0_x1_y1,0,1,1,TILE,TRISC-KERNEL,/hdd/flapmax/tt-metal/tt_metal/hw/firmware/src/tt-1xx/trisck.cc,73,tile_fused:trisc_kernel_base,1
15.515,15.534,0,active,13223615395453,13223615395472,slot0_x1_y1,0,1,1,TILE,THROUGHPUT_SECTION,/hdd/flapmax/tt-metal/tt_metal/hw/firmware/src/tt-1xx/trisck.cc,73,tile_fused:explicit_throughput,1
15.534,15.966,0,stall,13223615395472,13223615395904,slot0_x1_y1,0,1,1,TILE,TRISC-KERNEL,/hdd/flapmax/tt-metal/tt_metal/hw/firmware/src/tt-1xx/trisck.cc,73,tile_fused:trisc_kernel_base,1
15.966,16.015,0,active,13223615395904,13223615395953,slot0_x1_y1,0,1,1,TILE,THROUGHPUT_SECTION,/hdd/flapmax/tt-metal/tt_metal/hw/firmware/src/tt-1xx/trisck.cc,73,tile_fused:explicit_throughput,1
16.015,16.068,0,stall,13223615395953,13223615396006,slot0_x1_y1,0,1,1,TILE,TRISC-KERNEL,/hdd/flapmax/tt-metal/tt_metal/hw/firmware/src/tt-1xx/trisck.cc,73,tile_fused:trisc_kernel_base,1
16.068,16.097,0,active,13223615396006,13223615396035,slot0_x1_y1,0,1,1,TILE,THROUGHPUT_SECTION,/hdd/flapmax/tt-metal/tt_metal/hw/firmware/src/tt-1xx/trisck.cc,73,tile_fused:explicit_throughput,1
16.097,16.149,0,stall,13223615396035,13223615396087,slot0_x1_y1,0,1,1,TILE,TRISC-KERNEL,/hdd/flapmax/tt-metal/tt_metal/hw/firmware/src/tt-1xx/trisck.cc,73,tile_fused:trisc_kernel_base,1
16.149,16.169,0,active,13223615396087,13223615396107,slot0_x1_y1,0,1,1,TILE,THROUGHPUT_SECTION,/hdd/flapmax/tt-metal/tt_metal/hw/firmware/src/tt-1xx/trisck.cc,73,tile_fused:explicit_throughput,1
16.169,16.575,0,stall,13223615396107,13223615396513,slot0_x1_y1,0,1,1,TILE,TRISC-KERNEL,/hdd/flapmax/tt-metal/tt_metal/hw/firmware/src/tt-1xx/trisck.cc,73,tile_fused:trisc_kernel_base,1
16.575,16.631,0,active,13223615396513,13223615396569,slot0_x1_y1,0,1,1,TILE,THROUGHPUT_SECTION,/hdd/flapmax/tt-metal/tt_metal/hw/firmware/src/tt-1xx/trisck.cc,73,tile_fused:explicit_throughput,1
16.631,16.684,0,stall,13223615396569,13223615396622,slot0_x1_y1,0,1,1,TILE,TRISC-KERNEL,/hdd/flapmax/tt-metal/tt_metal/hw/firmware/src/tt-1xx/trisck.cc,73,tile_fused:trisc_kernel_base,1
16.684,16.711,0,active,13223615396622,13223615396649,slot0_x1_y1,0,1,1,TILE,THROUGHPUT_SECTION,/hdd/flapmax/tt-metal/tt_metal/hw/firmware/src/tt-1xx/trisck.cc,73,tile_fused:explicit_throughput,1
16.711,16.752,0,stall,13223615396649,13223615396690,slot0_x1_y1,0,1,1,TILE,TRISC-KERNEL,/hdd/flapmax/tt-metal/tt_metal/hw/firmware/src/tt-1xx/trisck.cc,73,tile_fused:trisc_kernel_base,1
16.752,16.772,0,active,13223615396690,13223615396710,slot0_x1_y1,0,1,1,TILE,THROUGHPUT_SECTION,/hdd/flapmax/tt-metal/tt_metal/hw/firmware/src/tt-1xx/trisck.cc,73,tile_fused:explicit_throughput,1
16.772,17.2,0,stall,13223615396710,13223615397138,slot0_x1_y1,0,1,1,TILE,TRISC-KERNEL,/hdd/flapmax/tt-metal/tt_metal/hw/firmware/src/tt-1xx/trisck.cc,73,tile_fused:trisc_kernel_base,1
17.2,17.249,0,active,13223615397138,13223615397187,slot0_x1_y1,0,1,1,TILE,THROUGHPUT_SECTION,/hdd/flapmax/tt-metal/tt_metal/hw/firmware/src/tt-1xx/trisck.cc,73,tile_fused:explicit_throughput,1
17.249,17.307,0,stall,13223615397187,13223615397245,slot0_x1_y1,0,1,1,TILE,TRISC-KERNEL,/hdd/flapmax/tt-metal/tt_metal/hw/firmware/src/tt-1xx/trisck.cc,73,tile_fused:trisc_kernel_base,1
17.307,17.338,0,active,13223615397245,13223615397276,slot0_x1_y1,0,1,1,TILE,THROUGHPUT_SECTION,/hdd/flapmax/tt-metal/tt_metal/hw/firmware/src/tt-1xx/trisck.cc,73,tile_fused:explicit_throughput,1
17.338,17.372,0,stall,13223615397276,13223615397310,slot0_x1_y1,0,1,1,TILE,TRISC-KERNEL,/hdd/flapmax/tt-metal/tt_metal/hw/firmware/src/tt-1xx/trisck.cc,73,tile_fused:trisc_kernel_base,1
17.372,17.391,0,active,13223615397310,13223615397329,slot0_x1_y1,0,1,1,TILE,THROUGHPUT_SECTION,/hdd/flapmax/tt-metal/tt_metal/hw/firmware/src/tt-1xx/trisck.cc,73,tile_fused:explicit_throughput,1
17.391,17.827,0,stall,13223615397329,13223615397765,slot0_x1_y1,0,1,1,TILE,TRISC-KERNEL,/hdd/flapmax/tt-metal/tt_metal/hw/firmware/src/tt-1xx/trisck.cc,73,tile_fused:trisc_kernel_base,1
17.827,17.884,0,active,13223615397765,13223615397822,slot0_x1_y1,0,1,1,TILE,THROUGHPUT_SECTION,/hdd/flapmax/tt-metal/tt_metal/hw/firmware/src/tt-1xx/trisck.cc,73,tile_fused:explicit_throughput,1
17.884,17.934,0,stall,13223615397822,13223615397872,slot0_x1_y1,0,1,1,TILE,TRISC-KERNEL,/hdd/flapmax/tt-metal/tt_metal/hw/firmware/src/tt-1xx/trisck.cc,73,tile_fused:trisc_kernel_base,1
17.934,17.961,0,active,13223615397872,13223615397899,slot0_x1_y1,0,1,1,TILE,THROUGHPUT_SECTION,/hdd/flapmax/tt-metal/tt_metal/hw/firmware/src/tt-1xx/trisck.cc,73,tile_fused:explicit_throughput,1
17.961,18.015,0,stall,13223615397899,13223615397953,slot0_x1_y1,0,1,1,TILE,TRISC-KERNEL,/hdd/flapmax/tt-metal/tt_metal/hw/firmware/src/tt-1xx/trisck.cc,73,tile_fused:trisc_kernel_base,1
18.015,18.036,0,active,13223615397953,13223615397974,slot0_x1_y1,0,1,1,TILE,THROUGHPUT_SECTION,/hdd/flapmax/tt-metal/tt_metal/hw/firmware/src/tt-1xx/trisck.cc,73,tile_fused:explicit_throughput,1
18.036,18.337,0,stall,13223615397974,13223615398275,slot0_x1_y1,0,1,1,TILE,TRISC-KERNEL,/hdd/flapmax/tt-metal/tt_metal/hw/firmware/src/tt-1xx/trisck.cc,73,tile_fused:trisc_kernel_base,1
18.337,18.386,0,active,13223615398275,13223615398324,slot0_x1_y1,0,1,1,TILE,THROUGHPUT_SECTION,/hdd/flapmax/tt-metal/tt_metal/hw/firmware/src/tt-1xx/trisck.cc,73,tile_fused:explicit_throughput,1
18.386,18.439,0,stall,13223615398324,13223615398377,slot0_x1_y1,0,1,1,TILE,TRISC-KERNEL,/hdd/flapmax/tt-metal/tt_metal/hw/firmware/src/tt-1xx/trisck.cc,73,tile_fused:trisc_kernel_base,1
18.439,18.468,0,active,13223615398377,13223615398406,slot0_x1_y1,0,1,1,TILE,THROUGHPUT_SECTION,/hdd/flapmax/tt-metal/tt_metal/hw/firmware/src/tt-1xx/trisck.cc,73,tile_fused:explicit_throughput,1
18.468,18.625,0,stall,13223615398406,13223615398563,slot0_x1_y1,0,1,1,TILE,TRISC-KERNEL,/hdd/flapmax/tt-metal/tt_metal/hw/firmware/src/tt-1xx/trisck.cc,73,tile_fused:trisc_kernel_base,1
18.625,18.645,0,active,13223615398563,13223615398583,slot0_x1_y1,0,1,1,TILE,THROUGHPUT_SECTION,/hdd/flapmax/tt-metal/tt_metal/hw/firmware/src/tt-1xx/trisck.cc,73,tile_fused:explicit_throughput,1
18.645,18.964,0,stall,13223615398583,13223615398902,slot0_x1_y1,0,1,1,TILE,TRISC-KERNEL,/hdd/flapmax/tt-metal/tt_metal/hw/firmware/src/tt-1xx/trisck.cc,73,tile_fused:trisc_kernel_base,1
18.964,19.02,0,active,13223615398902,13223615398958,slot0_x1_y1,0,1,1,TILE,THROUGHPUT_SECTION,/hdd/flapmax/tt-metal/tt_metal/hw/firmware/src/tt-1xx/trisck.cc,73,tile_fused:explicit_throughput,1
19.02,19.071,0,stall,13223615398958,13223615399009,slot0_x1_y1,0,1,1,TILE,TRISC-KERNEL,/hdd/flapmax/tt-metal/tt_metal/hw/firmware/src/tt-1xx/trisck.cc,73,tile_fused:trisc_kernel_base,1
19.071,19.099,0,active,13223615399009,13223615399037,slot0_x1_y1,0,1,1,TILE,THROUGHPUT_SECTION,/hdd/flapmax/tt-metal/tt_metal/hw/firmware/src/tt-1xx/trisck.cc,73,tile_fused:explicit_throughput,1
19.099,19.139,0,stall,13223615399037,13223615399077,slot0_x1_y1,0,1,1,TILE,TRISC-KERNEL,/hdd/flapmax/tt-metal/tt_metal/hw/firmware/src/tt-1xx/trisck.cc,73,tile_fused:trisc_kernel_base,1
19.139,19.159,0,active,13223615399077,13223615399097,slot0_x1_y1,0,1,1,TILE,THROUGHPUT_SECTION,/hdd/flapmax/tt-metal/tt_metal/hw/firmware/src/tt-1xx/trisck.cc,73,tile_fused:explicit_throughput,1
19.159,19.753,0,stall,13223615399097,13223615399691,slot0_x1_y1,0,1,1,TILE,TRISC-KERNEL,/hdd/flapmax/tt-metal/tt_metal/hw/firmware/src/tt-1xx/trisck.cc,73,tile_fused:trisc_kernel_base,1
19.753,19.802,0,active,13223615399691,13223615399740,slot0_x1_y1,0,1,1,TILE,THROUGHPUT_SECTION,/hdd/flapmax/tt-metal/tt_metal/hw/firmware/src/tt-1xx/trisck.cc,73,tile_fused:explicit_throughput,1
19.802,19.862,0,stall,13223615399740,13223615399800,slot0_x1_y1,0,1,1,TILE,TRISC-KERNEL,/hdd/flapmax/tt-metal/tt_metal/hw/firmware/src/tt-1xx/trisck.cc,73,tile_fused:trisc_kernel_base,1
19.862,19.892,0,active,13223615399800,13223615399830,slot0_x1_y1,0,1,1,TILE,THROUGHPUT_SECTION,/hdd/flapmax/tt-metal/tt_metal/hw/firmware/src/tt-1xx/trisck.cc,73,tile_fused:explicit_throughput,1
19.892,19.926,0,stall,13223615399830,13223615399864,slot0_x1_y1,0,1,1,TILE,TRISC-KERNEL,/hdd/flapmax/tt-metal/tt_metal/hw/firmware/src/tt-1xx/trisck.cc,73,tile_fused:trisc_kernel_base,1
19.926,19.946,0,active,13223615399864,13223615399884,slot0_x1_y1,0,1,1,TILE,THROUGHPUT_SECTION,/hdd/flapmax/tt-metal/tt_metal/hw/firmware/src/tt-1xx/trisck.cc,73,tile_fused:explicit_throughput,1
19.946,20.369,0,stall,13223615399884,13223615400307,slot0_x1_y1,0,1,1,TILE,TRISC-KERNEL,/hdd/flapmax/tt-metal/tt_metal/hw/firmware/src/tt-1xx/trisck.cc,73,tile_fused:trisc_kernel_base,1
20.369,20.425,0,active,13223615400307,13223615400363,slot0_x1_y1,0,1,1,TILE,THROUGHPUT_SECTION,/hdd/flapmax/tt-metal/tt_metal/hw/firmware/src/tt-1xx/trisck.cc,73,tile_fused:explicit_throughput,1
20.425,20.476,0,stall,13223615400363,13223615400414,slot0_x1_y1,0,1,1,TILE,TRISC-KERNEL,/hdd/flapmax/tt-metal/tt_metal/hw/firmware/src/tt-1xx/trisck.cc,73,tile_fused:trisc_kernel_base,1
20.476,20.504,0,active,13223615400414,13223615400442,slot0_x1_y1,0,1,1,TILE,THROUGHPUT_SECTION,/hdd/flapmax/tt-metal/tt_metal/hw/firmware/src/tt-1xx/trisck.cc,73,tile_fused:explicit_throughput,1
20.504,20.568,0,stall,13223615400442,13223615400506,slot0_x1_y1,0,1,1,TILE,TRISC-KERNEL,/hdd/flapmax/tt-metal/tt_metal/hw/firmware/src/tt-1xx/trisck.cc,73,tile_fused:trisc_kernel_base,1
20.568,20.587,0,active,13223615400506,13223615400525,slot0_x1_y1,0,1,1,TILE,THROUGHPUT_SECTION,/hdd/flapmax/tt-metal/tt_metal/hw/firmware/src/tt-1xx/trisck.cc,73,tile_fused:explicit_throughput,1
20.587,20.984,0,stall,13223615400525,13223615400922,slot0_x1_y1,0,1,1,TILE,TRISC-KERNEL,/hdd/flapmax/tt-metal/tt_metal/hw/firmware/src/tt-1xx/trisck.cc,73,tile_fused:trisc_kernel_base,1
20.984,21.033,0,active,13223615400922,13223615400971,slot0_x1_y1,0,1,1,TILE,THROUGHPUT_SECTION,/hdd/flapmax/tt-metal/tt_metal/hw/firmware/src/tt-1xx/trisck.cc,73,tile_fused:explicit_throughput,1
21.033,21.086,0,stall,13223615400971,13223615401024,slot0_x1_y1,0,1,1,TILE,TRISC-KERNEL,/hdd/flapmax/tt-metal/tt_metal/hw/firmware/src/tt-1xx/trisck.cc,73,tile_fused:trisc_kernel_base,1
21.086,21.117,0,active,13223615401024,13223615401055,slot0_x1_y1,0,1,1,TILE,THROUGHPUT_SECTION,/hdd/flapmax/tt-metal/tt_metal/hw/firmware/src/tt-1xx/trisck.cc,73,tile_fused:explicit_throughput,1
21.117,21.168,0,stall,13223615401055,13223615401106,slot0_x1_y1,0,1,1,TILE,TRISC-KERNEL,/hdd/flapmax/tt-metal/tt_metal/hw/firmware/src/tt-1xx/trisck.cc,73,tile_fused:trisc_kernel_base,1
21.168,21.189,0,active,13223615401106,13223615401127,slot0_x1_y1,0,1,1,TILE,THROUGHPUT_SECTION,/hdd/flapmax/tt-metal/tt_metal/hw/firmware/src/tt-1xx/trisck.cc,73,tile_fused:explicit_throughput,1
21.189,21.617,0,stall,13223615401127,13223615401555,slot0_x1_y1,0,1,1,TILE,TRISC-KERNEL,/hdd/flapmax/tt-metal/tt_metal/hw/firmware/src/tt-1xx/trisck.cc,73,tile_fused:trisc_kernel_base,1
21.617,21.675,0,active,13223615401555,13223615401613,slot0_x1_y1,0,1,1,TILE,THROUGHPUT_SECTION,/hdd/flapmax/tt-metal/tt_metal/hw/firmware/src/tt-1xx/trisck.cc,73,tile_fused:explicit_throughput,1
21.675,21.724,0,stall,13223615401613,13223615401662,slot0_x1_y1,0,1,1,TILE,TRISC-KERNEL,/hdd/flapmax/tt-metal/tt_metal/hw/firmware/src/tt-1xx/trisck.cc,73,tile_fused:trisc_kernel_base,1
21.724,21.751,0,active,13223615401662,13223615401689,slot0_x1_y1,0,1,1,TILE,THROUGHPUT_SECTION,/hdd/flapmax/tt-metal/tt_metal/hw/firmware/src/tt-1xx/trisck.cc,73,tile_fused:explicit_throughput,1
21.751,21.791,0,stall,13223615401689,13223615401729,slot0_x1_y1,0,1,1,TILE,TRISC-KERNEL,/hdd/flapmax/tt-metal/tt_metal/hw/firmware/src/tt-1xx/trisck.cc,73,tile_fused:trisc_kernel_base,1
21.791,21.81,0,active,13223615401729,13223615401748,slot0_x1_y1,0,1,1,TILE,THROUGHPUT_SECTION,/hdd/flapmax/tt-metal/tt_metal/hw/firmware/src/tt-1xx/trisck.cc,73,tile_fused:explicit_throughput,1
21.81,22.234,0,stall,13223615401748,13223615402172,slot0_x1_y1,0,1,1,TILE,TRISC-KERNEL,/hdd/flapmax/tt-metal/tt_metal/hw/firmware/src/tt-1xx/trisck.cc,73,tile_fused:trisc_kernel_base,1
22.234,22.283,0,active,13223615402172,13223615402221,slot0_x1_y1,0,1,1,TILE,THROUGHPUT_SECTION,/hdd/flapmax/tt-metal/tt_metal/hw/firmware/src/tt-1xx/trisck.cc,73,tile_fused:explicit_throughput,1
22.283,22.345,0,stall,13223615402221,13223615402283,slot0_x1_y1,0,1,1,TILE,TRISC-KERNEL,/hdd/flapmax/tt-metal/tt_metal/hw/firmware/src/tt-1xx/trisck.cc,73,tile_fused:trisc_kernel_base,1
22.345,22.374,0,active,13223615402283,13223615402312,slot0_x1_y1,0,1,1,TILE,THROUGHPUT_SECTION,/hdd/flapmax/tt-metal/tt_metal/hw/firmware/src/tt-1xx/trisck.cc,73,tile_fused:explicit_throughput,1
22.374,22.591,0,stall,13223615402312,13223615402529,slot0_x1_y1,0,1,1,TILE,TRISC-KERNEL,/hdd/flapmax/tt-metal/tt_metal/hw/firmware/src/tt-1xx/trisck.cc,73,tile_fused:trisc_kernel_base,1
22.591,22.61,0,active,13223615402529,13223615402548,slot0_x1_y1,0,1,1,TILE,THROUGHPUT_SECTION,/hdd/flapmax/tt-metal/tt_metal/hw/firmware/src/tt-1xx/trisck.cc,73,tile_fused:explicit_throughput,1
22.61,22.871,0,stall,13223615402548,13223615402809,slot0_x1_y1,0,1,1,TILE,TRISC-KERNEL,/hdd/flapmax/tt-metal/tt_metal/hw/firmware/src/tt-1xx/trisck.cc,73,tile_fused:trisc_kernel_base,1
22.871,22.928,0,active,13223615402809,13223615402866,slot0_x1_y1,0,1,1,TILE,THROUGHPUT_SECTION,/hdd/flapmax/tt-metal/tt_metal/hw/firmware/src/tt-1xx/trisck.cc,73,tile_fused:explicit_throughput,1
22.928,22.982,0,stall,13223615402866,13223615402920,slot0_x1_y1,0,1,1,TILE,TRISC-KERNEL,/hdd/flapmax/tt-metal/tt_metal/hw/firmware/src/tt-1xx/trisck.cc,73,tile_fused:trisc_kernel_base,1
22.982,23.01,0,active,13223615402920,13223615402948,slot0_x1_y1,0,1,1,TILE,THROUGHPUT_SECTION,/hdd/flapmax/tt-metal/tt_metal/hw/firmware/src/tt-1xx/trisck.cc,73,tile_fused:explicit_throughput,1
23.01,23.105,0,stall,13223615402948,13223615403043,slot0_x1_y1,0,1,1,TILE,TRISC-KERNEL,/hdd/flapmax/tt-metal/tt_metal/hw/firmware/src/tt-1xx/trisck.cc,73,tile_fused:trisc_kernel_base,1
23.105,23.124,0,active,13223615403043,13223615403062,slot0_x1_y1,0,1,1,TILE,THROUGHPUT_SECTION,/hdd/flapmax/tt-metal/tt_metal/hw/firmware/src/tt-1xx/trisck.cc,73,tile_fused:explicit_throughput,1
23.124,23.488,0,stall,13223615403062,13223615403426,slot0_x1_y1,0,1,1,TILE,TRISC-KERNEL,/hdd/flapmax/tt-metal/tt_metal/hw/firmware/src/tt-1xx/trisck.cc,73,tile_fused:trisc_kernel_base,1
23.488,23.538,0,active,13223615403426,13223615403476,slot0_x1_y1,0,1,1,TILE,THROUGHPUT_SECTION,/hdd/flapmax/tt-metal/tt_metal/hw/firmware/src/tt-1xx/trisck.cc,73,tile_fused:explicit_throughput,1
23.538,23.59,0,stall,13223615403476,13223615403528,slot0_x1_y1,0,1,1,TILE,TRISC-KERNEL,/hdd/flapmax/tt-metal/tt_metal/hw/firmware/src/tt-1xx/trisck.cc,73,tile_fused:trisc_kernel_base,1
23.59,23.62,0,active,13223615403528,13223615403558,slot0_x1_y1,0,1,1,TILE,THROUGHPUT_SECTION,/hdd/flapmax/tt-metal/tt_metal/hw/firmware/src/tt-1xx/trisck.cc,73,tile_fused:explicit_throughput,1
23.62,23.676,0,stall,13223615403558,13223615403614,slot0_x1_y1,0,1,1,TILE,TRISC-KERNEL,/hdd/flapmax/tt-metal/tt_metal/hw/firmware/src/tt-1xx/trisck.cc,73,tile_fused:trisc_kernel_base,1
23.676,23.695,0,active,13223615403614,13223615403633,slot0_x1_y1,0,1,1,TILE,THROUGHPUT_SECTION,/hdd/flapmax/tt-metal/tt_metal/hw/firmware/src/tt-1xx/trisck.cc,73,tile_fused:explicit_throughput,1
23.695,24.165,0,stall,13223615403633,13223615404103,slot0_x1_y1,0,1,1,TILE,TRISC-KERNEL,/hdd/flapmax/tt-metal/tt_metal/hw/firmware/src/tt-1xx/trisck.cc,73,tile_fused:trisc_kernel_base,1
24.165,24.221,0,active,13223615404103,13223615404159,slot0_x1_y1,0,1,1,TILE,THROUGHPUT_SECTION,/hdd/flapmax/tt-metal/tt_metal/hw/firmware/src/tt-1xx/trisck.cc,73,tile_fused:explicit_throughput,1
24.221,24.273,0,stall,13223615404159,13223615404211,slot0_x1_y1,0,1,1,TILE,TRISC-KERNEL,/hdd/flapmax/tt-metal/tt_metal/hw/firmware/src/tt-1xx/trisck.cc,73,tile_fused:trisc_kernel_base,1
24.273,24.3,0,active,13223615404211,13223615404238,slot0_x1_y1,0,1,1,TILE,THROUGHPUT_SECTION,/hdd/flapmax/tt-metal/tt_metal/hw/firmware/src/tt-1xx/trisck.cc,73,tile_fused:explicit_throughput,1
24.3,24.34,0,stall,13223615404238,13223615404278,slot0_x1_y1,0,1,1,TILE,TRISC-KERNEL,/hdd/flapmax/tt-metal/tt_metal/hw/firmware/src/tt-1xx/trisck.cc,73,tile_fused:trisc_kernel_base,1
24.34,24.36,0,active,13223615404278,13223615404298,slot0_x1_y1,0,1,1,TILE,THROUGHPUT_SECTION,/hdd/flapmax/tt-metal/tt_metal/hw/firmware/src/tt-1xx/trisck.cc,73,tile_fused:explicit_throughput,1
24.36,24.792,0,stall,13223615404298,13223615404730,slot0_x1_y1,0,1,1,TILE,TRISC-KERNEL,/hdd/flapmax/tt-metal/tt_metal/hw/firmware/src/tt-1xx/trisck.cc,73,tile_fused:trisc_kernel_base,1
24.792,24.841,0,active,13223615404730,13223615404779,slot0_x1_y1,0,1,1,TILE,THROUGHPUT_SECTION,/hdd/flapmax/tt-metal/tt_metal/hw/firmware/src/tt-1xx/trisck.cc,73,tile_fused:explicit_throughput,1
24.841,24.901,0,stall,13223615404779,13223615404839,slot0_x1_y1,0,1,1,TILE,TRISC-KERNEL,/hdd/flapmax/tt-metal/tt_metal/hw/firmware/src/tt-1xx/trisck.cc,73,tile_fused:trisc_kernel_base,1
24.901,24.929,0,active,13223615404839,13223615404867,slot0_x1_y1,0,1,1,TILE,THROUGHPUT_SECTION,/hdd/flapmax/tt-metal/tt_metal/hw/firmware/src/tt-1xx/trisck.cc,73,tile_fused:explicit_throughput,1
24.929,24.967,0,stall,13223615404867,13223615404905,slot0_x1_y1,0,1,1,TILE,TRISC-KERNEL,/hdd/flapmax/tt-metal/tt_metal/hw/firmware/src/tt-1xx/trisck.cc,73,tile_fused:trisc_kernel_base,1
24.967,24.988,0,active,13223615404905,13223615404926,slot0_x1_y1,0,1,1,TILE,THROUGHPUT_SECTION,/hdd/flapmax/tt-metal/tt_metal/hw/firmware/src/tt-1xx/trisck.cc,73,tile_fused:explicit_throughput,1
24.988,25.418,0,stall,13223615404926,13223615405356,slot0_x1_y1,0,1,1,TILE,TRISC-KERNEL,/hdd/flapmax/tt-metal/tt_metal/hw/firmware/src/tt-1xx/trisck.cc,73,tile_fused:trisc_kernel_base,1
25.418,25.474,0,active,13223615405356,13223615405412,slot0_x1_y1,0,1,1,TILE,THROUGHPUT_SECTION,/hdd/flapmax/tt-metal/tt_metal/hw/firmware/src/tt-1xx/trisck.cc,73,tile_fused:explicit_throughput,1
25.474,25.526,0,stall,13223615405412,13223615405464,slot0_x1_y1,0,1,1,TILE,TRISC-KERNEL,/hdd/flapmax/tt-metal/tt_metal/hw/firmware/src/tt-1xx/trisck.cc,73,tile_fused:trisc_kernel_base,1
25.526,25.553,0,active,13223615405464,13223615405491,slot0_x1_y1,0,1,1,TILE,THROUGHPUT_SECTION,/hdd/flapmax/tt-metal/tt_metal/hw/firmware/src/tt-1xx/trisck.cc,73,tile_fused:explicit_throughput,1
25.553,25.599,0,stall,13223615405491,13223615405537,slot0_x1_y1,0,1,1,TILE,TRISC-KERNEL,/hdd/flapmax/tt-metal/tt_metal/hw/firmware/src/tt-1xx/trisck.cc,73,tile_fused:trisc_kernel_base,1
25.599,25.618,0,active,13223615405537,13223615405556,slot0_x1_y1,0,1,1,TILE,THROUGHPUT_SECTION,/hdd/flapmax/tt-metal/tt_metal/hw/firmware/src/tt-1xx/trisck.cc,73,tile_fused:explicit_throughput,1
25.618,25.936,0,stall,13223615405556,13223615405874,slot0_x1_y1,0,1,1,TILE,TRISC-KERNEL,/hdd/flapmax/tt-metal/tt_metal/hw/firmware/src/tt-1xx/trisck.cc,73,tile_fused:trisc_kernel_base,1
25.936,25.985,0,active,13223615405874,13223615405923,slot0_x1_y1,0,1,1,TILE,THROUGHPUT_SECTION,/hdd/flapmax/tt-metal/tt_metal/hw/firmware/src/tt-1xx/trisck.cc,73,tile_fused:explicit_throughput,1
25.985,26.04,0,stall,13223615405923,13223615405978,slot0_x1_y1,0,1,1,TILE,TRISC-KERNEL,/hdd/flapmax/tt-metal/tt_metal/hw/firmware/src/tt-1xx/trisck.cc,73,tile_fused:trisc_kernel_base,1
26.04,26.069,0,active,13223615405978,13223615406007,slot0_x1_y1,0,1,1,TILE,THROUGHPUT_SECTION,/hdd/flapmax/tt-metal/tt_metal/hw/firmware/src/tt-1xx/trisck.cc,73,tile_fused:explicit_throughput,1
26.069,26.225,0,stall,13223615406007,13223615406163,slot0_x1_y1,0,1,1,TILE,TRISC-KERNEL,/hdd/flapmax/tt-metal/tt_metal/hw/firmware/src/tt-1xx/trisck.cc,73,tile_fused:trisc_kernel_base,1
26.225,26.245,0,active,13223615406163,13223615406183,slot0_x1_y1,0,1,1,TILE,THROUGHPUT_SECTION,/hdd/flapmax/tt-metal/tt_metal/hw/firmware/src/tt-1xx/trisck.cc,73,tile_fused:explicit_throughput,1
26.245,26.555,0,stall,13223615406183,13223615406493,slot0_x1_y1,0,1,1,TILE,TRISC-KERNEL,/hdd/flapmax/tt-metal/tt_metal/hw/firmware/src/tt-1xx/trisck.cc,73,tile_fused:trisc_kernel_base,1
26.555,26.611,0,active,13223615406493,13223615406549,slot0_x1_y1,0,1,1,TILE,THROUGHPUT_SECTION,/hdd/flapmax/tt-metal/tt_metal/hw/firmware/src/tt-1xx/trisck.cc,73,tile_fused:explicit_throughput,1
26.611,26.664,0,stall,13223615406549,13223615406602,slot0_x1_y1,0,1,1,TILE,TRISC-KERNEL,/hdd/flapmax/tt-metal/tt_metal/hw/firmware/src/tt-1xx/trisck.cc,73,tile_fused:trisc_kernel_base,1
26.664,26.692,0,active,13223615406602,13223615406630,slot0_x1_y1,0,1,1,TILE,THROUGHPUT_SECTION,/hdd/flapmax/tt-metal/tt_metal/hw/firmware/src/tt-1xx/trisck.cc,73,tile_fused:explicit_throughput,1
26.692,26.732,0,stall,13223615406630,13223615406670,slot0_x1_y1,0,1,1,TILE,TRISC-KERNEL,/hdd/flapmax/tt-metal/tt_metal/hw/firmware/src/tt-1xx/trisck.cc,73,tile_fused:trisc_kernel_base,1
26.732,26.752,0,active,13223615406670,13223615406690,slot0_x1_y1,0,1,1,TILE,THROUGHPUT_SECTION,/hdd/flapmax/tt-metal/tt_metal/hw/firmware/src/tt-1xx/trisck.cc,73,tile_fused:explicit_throughput,1
26.752,27.293,0,stall,13223615406690,13223615407231,slot0_x1_y1,0,1,1,TILE,TRISC-KERNEL,/hdd/flapmax/tt-metal/tt_metal/hw/firmware/src/tt-1xx/trisck.cc,73,tile_fused:trisc_kernel_base,1
27.293,27.342,0,active,13223615407231,13223615407280,slot0_x1_y1,0,1,1,TILE,THROUGHPUT_SECTION,/hdd/flapmax/tt-metal/tt_metal/hw/firmware/src/tt-1xx/trisck.cc,73,tile_fused:explicit_throughput,1
27.342,27.4,0,stall,13223615407280,13223615407338,slot0_x1_y1,0,1,1,TILE,TRISC-KERNEL,/hdd/flapmax/tt-metal/tt_metal/hw/firmware/src/tt-1xx/trisck.cc,73,tile_fused:trisc_kernel_base,1
27.4,27.432,0,active,13223615407338,13223615407370,slot0_x1_y1,0,1,1,TILE,THROUGHPUT_SECTION,/hdd/flapmax/tt-metal/tt_metal/hw/firmware/src/tt-1xx/trisck.cc,73,tile_fused:explicit_throughput,1
27.432,27.465,0,stall,13223615407370,13223615407403,slot0_x1_y1,0,1,1,TILE,TRISC-KERNEL,/hdd/flapmax/tt-metal/tt_metal/hw/firmware/src/tt-1xx/trisck.cc,73,tile_fused:trisc_kernel_base,1
27.465,27.484,0,active,13223615407403,13223615407422,slot0_x1_y1,0,1,1,TILE,THROUGHPUT_SECTION,/hdd/flapmax/tt-metal/tt_metal/hw/firmware/src/tt-1xx/trisck.cc,73,tile_fused:explicit_throughput,1
27.484,27.92,0,stall,13223615407422,13223615407858,slot0_x1_y1,0,1,1,TILE,TRISC-KERNEL,/hdd/flapmax/tt-metal/tt_metal/hw/firmware/src/tt-1xx/trisck.cc,73,tile_fused:trisc_kernel_base,1
27.92,27.977,0,active,13223615407858,13223615407915,slot0_x1_y1,0,1,1,TILE,THROUGHPUT_SECTION,/hdd/flapmax/tt-metal/tt_metal/hw/firmware/src/tt-1xx/trisck.cc,73,tile_fused:explicit_throughput,1
27.977,28.027,0,stall,13223615407915,13223615407965,slot0_x1_y1,0,1,1,TILE,TRISC-KERNEL,/hdd/flapmax/tt-metal/tt_metal/hw/firmware/src/tt-1xx/trisck.cc,73,tile_fused:trisc_kernel_base,1
28.027,28.054,0,active,13223615407965,13223615407992,slot0_x1_y1,0,1,1,TILE,THROUGHPUT_SECTION,/hdd/flapmax/tt-metal/tt_metal/hw/firmware/src/tt-1xx/trisck.cc,73,tile_fused:explicit_throughput,1
28.054,28.108,0,stall,13223615407992,13223615408046,slot0_x1_y1,0,1,1,TILE,TRISC-KERNEL,/hdd/flapmax/tt-metal/tt_metal/hw/firmware/src/tt-1xx/trisck.cc,73,tile_fused:trisc_kernel_base,1
28.108,28.129,0,active,13223615408046,13223615408067,slot0_x1_y1,0,1,1,TILE,THROUGHPUT_SECTION,/hdd/flapmax/tt-metal/tt_metal/hw/firmware/src/tt-1xx/trisck.cc,73,tile_fused:explicit_throughput,1
28.129,28.535,0,stall,13223615408067,13223615408473,slot0_x1_y1,0,1,1,TILE,TRISC-KERNEL,/hdd/flapmax/tt-metal/tt_metal/hw/firmware/src/tt-1xx/trisck.cc,73,tile_fused:trisc_kernel_base,1
28.535,28.584,0,active,13223615408473,13223615408522,slot0_x1_y1,0,1,1,TILE,THROUGHPUT_SECTION,/hdd/flapmax/tt-metal/tt_metal/hw/firmware/src/tt-1xx/trisck.cc,73,tile_fused:explicit_throughput,1
28.584,28.637,0,stall,13223615408522,13223615408575,slot0_x1_y1,0,1,1,TILE,TRISC-KERNEL,/hdd/flapmax/tt-metal/tt_metal/hw/firmware/src/tt-1xx/trisck.cc,73,tile_fused:trisc_kernel_base,1
28.637,28.668,0,active,13223615408575,13223615408606,slot0_x1_y1,0,1,1,TILE,THROUGHPUT_SECTION,/hdd/flapmax/tt-metal/tt_metal/hw/firmware/src/tt-1xx/trisck.cc,73,tile_fused:explicit_throughput,1
28.668,28.714,0,stall,13223615408606,13223615408652,slot0_x1_y1,0,1,1,TILE,TRISC-KERNEL,/hdd/flapmax/tt-metal/tt_metal/hw/firmware/src/tt-1xx/trisck.cc,73,tile_fused:trisc_kernel_base,1
28.714,28.733,0,active,13223615408652,13223615408671,slot0_x1_y1,0,1,1,TILE,THROUGHPUT_SECTION,/hdd/flapmax/tt-metal/tt_metal/hw/firmware/src/tt-1xx/trisck.cc,73,tile_fused:explicit_throughput,1
28.733,29.158,0,stall,13223615408671,13223615409096,slot0_x1_y1,0,1,1,TILE,TRISC-KERNEL,/hdd/flapmax/tt-metal/tt_metal/hw/firmware/src/tt-1xx/trisck.cc,73,tile_fused:trisc_kernel_base,1
29.158,29.215,0,active,13223615409096,13223615409153,slot0_x1_y1,0,1,1,TILE,THROUGHPUT_SECTION,/hdd/flapmax/tt-metal/tt_metal/hw/firmware/src/tt-1xx/trisck.cc,73,tile_fused:explicit_throughput,1
29.215,29.266,0,stall,13223615409153,13223615409204,slot0_x1_y1,0,1,1,TILE,TRISC-KERNEL,/hdd/flapmax/tt-metal/tt_metal/hw/firmware/src/tt-1xx/trisck.cc,73,tile_fused:trisc_kernel_base,1
29.266,29.294,0,active,13223615409204,13223615409232,slot0_x1_y1,0,1,1,TILE,THROUGHPUT_SECTION,/hdd/flapmax/tt-metal/tt_metal/hw/firmware/src/tt-1xx/trisck.cc,73,tile_fused:explicit_throughput,1
29.294,29.334,0,stall,13223615409232,13223615409272,slot0_x1_y1,0,1,1,TILE,TRISC-KERNEL,/hdd/flapmax/tt-metal/tt_metal/hw/firmware/src/tt-1xx/trisck.cc,73,tile_fused:trisc_kernel_base,1
29.334,29.354,0,active,13223615409272,13223615409292,slot0_x1_y1,0,1,1,TILE,THROUGHPUT_SECTION,/hdd/flapmax/tt-metal/tt_metal/hw/firmware/src/tt-1xx/trisck.cc,73,tile_fused:explicit_throughput,1
29.354,29.783,0,stall,13223615409292,13223615409721,slot0_x1_y1,0,1,1,TILE,TRISC-KERNEL,/hdd/flapmax/tt-metal/tt_metal/hw/firmware/src/tt-1xx/trisck.cc,73,tile_fused:trisc_kernel_base,1
29.783,29.832,0,active,13223615409721,13223615409770,slot0_x1_y1,0,1,1,TILE,THROUGHPUT_SECTION,/hdd/flapmax/tt-metal/tt_metal/hw/firmware/src/tt-1xx/trisck.cc,73,tile_fused:explicit_throughput,1
29.832,29.891,0,stall,13223615409770,13223615409829,slot0_x1_y1,0,1,1,TILE,TRISC-KERNEL,/hdd/flapmax/tt-metal/tt_metal/hw/firmware/src/tt-1xx/trisck.cc,73,tile_fused:trisc_kernel_base,1
29.891,29.92,0,active,13223615409829,13223615409858,slot0_x1_y1,0,1,1,TILE,THROUGHPUT_SECTION,/hdd/flapmax/tt-metal/tt_metal/hw/firmware/src/tt-1xx/trisck.cc,73,tile_fused:explicit_throughput,1
29.92,30.142,0,stall,13223615409858,13223615410080,slot0_x1_y1,0,1,1,TILE,TRISC-KERNEL,/hdd/flapmax/tt-metal/tt_metal/hw/firmware/src/tt-1xx/trisck.cc,73,tile_fused:trisc_kernel_base,1
30.142,30.161,0,active,13223615410080,13223615410099,slot0_x1_y1,0,1,1,TILE,THROUGHPUT_SECTION,/hdd/flapmax/tt-metal/tt_metal/hw/firmware/src/tt-1xx/trisck.cc,73,tile_fused:explicit_throughput,1
30.161,30.41,0,stall,13223615410099,13223615410348,slot0_x1_y1,0,1,1,TILE,TRISC-KERNEL,/hdd/flapmax/tt-metal/tt_metal/hw/firmware/src/tt-1xx/trisck.cc,73,tile_fused:trisc_kernel_base,1
30.41,30.466,0,active,13223615410348,13223615410404,slot0_x1_y1,0,1,1,TILE,THROUGHPUT_SECTION,/hdd/flapmax/tt-metal/tt_metal/hw/firmware/src/tt-1xx/trisck.cc,73,tile_fused:explicit_throughput,1
30.466,30.517,0,stall,13223615410404,13223615410455,slot0_x1_y1,0,1,1,TILE,TRISC-KERNEL,/hdd/flapmax/tt-metal/tt_metal/hw/firmware/src/tt-1xx/trisck.cc,73,tile_fused:trisc_kernel_base,1
30.517,30.545,0,active,13223615410455,13223615410483,slot0_x1_y1,0,1,1,TILE,THROUGHPUT_SECTION,/hdd/flapmax/tt-metal/tt_metal/hw/firmware/src/tt-1xx/trisck.cc,73,tile_fused:explicit_throughput,1
30.545,30.677,0,stall,13223615410483,13223615410615,slot0_x1_y1,0,1,1,TILE,TRISC-KERNEL,/hdd/flapmax/tt-metal/tt_metal/hw/firmware/src/tt-1xx/trisck.cc,73,tile_fused:trisc_kernel_base,1
30.677,30.696,0,active,13223615410615,13223615410634,slot0_x1_y1,0,1,1,TILE,THROUGHPUT_SECTION,/hdd/flapmax/tt-metal/tt_metal/hw/firmware/src/tt-1xx/trisck.cc,73,tile_fused:explicit_throughput,1
30.696,31.036,0,stall,13223615410634,13223615410974,slot0_x1_y1,0,1,1,TILE,TRISC-KERNEL,/hdd/flapmax/tt-metal/tt_metal/hw/firmware/src/tt-1xx/trisck.cc,73,tile_fused:trisc_kernel_base,1
31.036,31.085,0,active,13223615410974,13223615411023,slot0_x1_y1,0,1,1,TILE,THROUGHPUT_SECTION,/hdd/flapmax/tt-metal/tt_metal/hw/firmware/src/tt-1xx/trisck.cc,73,tile_fused:explicit_throughput,1
31.085,31.138,0,stall,13223615411023,13223615411076,slot0_x1_y1,0,1,1,TILE,TRISC-KERNEL,/hdd/flapmax/tt-metal/tt_metal/hw/firmware/src/tt-1xx/trisck.cc,73,tile_fused:trisc_kernel_base,1
31.138,31.167,0,active,13223615411076,13223615411105,slot0_x1_y1,0,1,1,TILE,THROUGHPUT_SECTION,/hdd/flapmax/tt-metal/tt_metal/hw/firmware/src/tt-1xx/trisck.cc,73,tile_fused:explicit_throughput,1
31.167,31.213,0,stall,13223615411105,13223615411151,slot0_x1_y1,0,1,1,TILE,TRISC-KERNEL,/hdd/flapmax/tt-metal/tt_metal/hw/firmware/src/tt-1xx/trisck.cc,73,tile_fused:trisc_kernel_base,1
31.213,31.234,0,active,13223615411151,13223615411172,slot0_x1_y1,0,1,1,TILE,THROUGHPUT_SECTION,/hdd/flapmax/tt-metal/tt_metal/hw/firmware/src/tt-1xx/trisck.cc,73,tile_fused:explicit_throughput,1
31.234,31.703,0,stall,13223615411172,13223615411641,slot0_x1_y1,0,1,1,TILE,TRISC-KERNEL,/hdd/flapmax/tt-metal/tt_metal/hw/firmware/src/tt-1xx/trisck.cc,73,tile_fused:trisc_kernel_base,1
31.703,31.759,0,active,13223615411641,13223615411697,slot0_x1_y1,0,1,1,TILE,THROUGHPUT_SECTION,/hdd/flapmax/tt-metal/tt_metal/hw/firmware/src/tt-1xx/trisck.cc,73,tile_fused:explicit_throughput,1
31.759,31.813,0,stall,13223615411697,13223615411751,slot0_x1_y1,0,1,1,TILE,TRISC-KERNEL,/hdd/flapmax/tt-metal/tt_metal/hw/firmware/src/tt-1xx/trisck.cc,73,tile_fused:trisc_kernel_base,1
31.813,31.841,0,active,13223615411751,13223615411779,slot0_x1_y1,0,1,1,TILE,THROUGHPUT_SECTION,/hdd/flapmax/tt-metal/tt_metal/hw/firmware/src/tt-1xx/trisck.cc,73,tile_fused:explicit_throughput,1
31.841,31.88,0,stall,13223615411779,13223615411818,slot0_x1_y1,0,1,1,TILE,TRISC-KERNEL,/hdd/flapmax/tt-metal/tt_metal/hw/firmware/src/tt-1xx/trisck.cc,73,tile_fused:trisc_kernel_base,1
31.88,31.899,0,active,13223615411818,13223615411837,slot0_x1_y1,0,1,1,TILE,THROUGHPUT_SECTION,/hdd/flapmax/tt-metal/tt_metal/hw/firmware/src/tt-1xx/trisck.cc,73,tile_fused:explicit_throughput,1
31.899,32.325,0,stall,13223615411837,13223615412263,slot0_x1_y1,0,1,1,TILE,TRISC-KERNEL,/hdd/flapmax/tt-metal/tt_metal/hw/firmware/src/tt-1xx/trisck.cc,73,tile_fused:trisc_kernel_base,1
32.325,32.374,0,active,13223615412263,13223615412312,slot0_x1_y1,0,1,1,TILE,THROUGHPUT_SECTION,/hdd/flapmax/tt-metal/tt_metal/hw/firmware/src/tt-1xx/trisck.cc,73,tile_fused:explicit_throughput,1
32.374,32.436,0,stall,13223615412312,13223615412374,slot0_x1_y1,0,1,1,TILE,TRISC-KERNEL,/hdd/flapmax/tt-metal/tt_metal/hw/firmware/src/tt-1xx/trisck.cc,73,tile_fused:trisc_kernel_base,1
32.436,32.464,0,active,13223615412374,13223615412402,slot0_x1_y1,0,1,1,TILE,THROUGHPUT_SECTION,/hdd/flapmax/tt-metal/tt_metal/hw/firmware/src/tt-1xx/trisck.cc,73,tile_fused:explicit_throughput,1
32.464,32.5,0,stall,13223615412402,13223615412438,slot0_x1_y1,0,1,1,TILE,TRISC-KERNEL,/hdd/flapmax/tt-metal/tt_metal/hw/firmware/src/tt-1xx/trisck.cc,73,tile_fused:trisc_kernel_base,1
32.5,32.52,0,active,13223615412438,13223615412458,slot0_x1_y1,0,1,1,TILE,THROUGHPUT_SECTION,/hdd/flapmax/tt-metal/tt_metal/hw/firmware/src/tt-1xx/trisck.cc,73,tile_fused:explicit_throughput,1
32.52,32.96,0,stall,13223615412458,13223615412898,slot0_x1_y1,0,1,1,TILE,TRISC-KERNEL,/hdd/flapmax/tt-metal/tt_metal/hw/firmware/src/tt-1xx/trisck.cc,73,tile_fused:trisc_kernel_base,1
32.96,33.016,0,active,13223615412898,13223615412954,slot0_x1_y1,0,1,1,TILE,THROUGHPUT_SECTION,/hdd/flapmax/tt-metal/tt_metal/hw/firmware/src/tt-1xx/trisck.cc,73,tile_fused:explicit_throughput,1
33.016,33.071,0,stall,13223615412954,13223615413009,slot0_x1_y1,0,1,1,TILE,TRISC-KERNEL,/hdd/flapmax/tt-metal/tt_metal/hw/firmware/src/tt-1xx/trisck.cc,73,tile_fused:trisc_kernel_base,1
33.071,33.098,0,active,13223615413009,13223615413036,slot0_x1_y1,0,1,1,TILE,THROUGHPUT_SECTION,/hdd/flapmax/tt-metal/tt_metal/hw/firmware/src/tt-1xx/trisck.cc,73,tile_fused:explicit_throughput,1
33.098,33.146,0,stall,13223615413036,13223615413084,slot0_x1_y1,0,1,1,TILE,TRISC-KERNEL,/hdd/flapmax/tt-metal/tt_metal/hw/firmware/src/tt-1xx/trisck.cc,73,tile_fused:trisc_kernel_base,1
33.146,33.167,0,active,13223615413084,13223615413105,slot0_x1_y1,0,1,1,TILE,THROUGHPUT_SECTION,/hdd/flapmax/tt-metal/tt_metal/hw/firmware/src/tt-1xx/trisck.cc,73,tile_fused:explicit_throughput,1
33.167,33.471,0,stall,13223615413105,13223615413409,slot0_x1_y1,0,1,1,TILE,TRISC-KERNEL,/hdd/flapmax/tt-metal/tt_metal/hw/firmware/src/tt-1xx/trisck.cc,73,tile_fused:trisc_kernel_base,1
33.471,33.521,0,active,13223615413409,13223615413459,slot0_x1_y1,0,1,1,TILE,THROUGHPUT_SECTION,/hdd/flapmax/tt-metal/tt_metal/hw/firmware/src/tt-1xx/trisck.cc,73,tile_fused:explicit_throughput,1
33.521,33.573,0,stall,13223615413459,13223615413511,slot0_x1_y1,0,1,1,TILE,TRISC-KERNEL,/hdd/flapmax/tt-metal/tt_metal/hw/firmware/src/tt-1xx/trisck.cc,73,tile_fused:trisc_kernel_base,1
33.573,33.601,0,active,13223615413511,13223615413539,slot0_x1_y1,0,1,1,TILE,THROUGHPUT_SECTION,/hdd/flapmax/tt-metal/tt_metal/hw/firmware/src/tt-1xx/trisck.cc,73,tile_fused:explicit_throughput,1
33.601,33.773,0,stall,13223615413539,13223615413711,slot0_x1_y1,0,1,1,TILE,TRISC-KERNEL,/hdd/flapmax/tt-metal/tt_metal/hw/firmware/src/tt-1xx/trisck.cc,73,tile_fused:trisc_kernel_base,1
33.773,33.792,0,active,13223615413711,13223615413730,slot0_x1_y1,0,1,1,TILE,THROUGHPUT_SECTION,/hdd/flapmax/tt-metal/tt_metal/hw/firmware/src/tt-1xx/trisck.cc,73,tile_fused:explicit_throughput,1
33.792,34.104,0,stall,13223615413730,13223615414042,slot0_x1_y1,0,1,1,TILE,TRISC-KERNEL,/hdd/flapmax/tt-metal/tt_metal/hw/firmware/src/tt-1xx/trisck.cc,73,tile_fused:trisc_kernel_base,1
34.104,34.161,0,active,13223615414042,13223615414099,slot0_x1_y1,0,1,1,TILE,THROUGHPUT_SECTION,/hdd/flapmax/tt-metal/tt_metal/hw/firmware/src/tt-1xx/trisck.cc,73,tile_fused:explicit_throughput,1
34.161,34.213,0,stall,13223615414099,13223615414151,slot0_x1_y1,0,1,1,TILE,TRISC-KERNEL,/hdd/flapmax/tt-metal/tt_metal/hw/firmware/src/tt-1xx/trisck.cc,73,tile_fused:trisc_kernel_base,1
34.213,34.24,0,active,13223615414151,13223615414178,slot0_x1_y1,0,1,1,TILE,THROUGHPUT_SECTION,/hdd/flapmax/tt-metal/tt_metal/hw/firmware/src/tt-1xx/trisck.cc,73,tile_fused:explicit_throughput,1
34.24,34.28,0,stall,13223615414178,13223615414218,slot0_x1_y1,0,1,1,TILE,TRISC-KERNEL,/hdd/flapmax/tt-metal/tt_metal/hw/firmware/src/tt-1xx/trisck.cc,73,tile_fused:trisc_kernel_base,1
34.28,34.3,0,active,13223615414218,13223615414238,slot0_x1_y1,0,1,1,TILE,THROUGHPUT_SECTION,/hdd/flapmax/tt-metal/tt_metal/hw/firmware/src/tt-1xx/trisck.cc,73,tile_fused:explicit_throughput,1
34.3,34.873,0,stall,13223615414238,13223615414811,slot0_x1_y1,0,1,1,TILE,TRISC-KERNEL,/hdd/flapmax/tt-metal/tt_metal/hw/firmware/src/tt-1xx/trisck.cc,73,tile_fused:trisc_kernel_base,1
34.873,34.923,0,active,13223615414811,13223615414861,slot0_x1_y1,0,1,1,TILE,THROUGHPUT_SECTION,/hdd/flapmax/tt-metal/tt_metal/hw/firmware/src/tt-1xx/trisck.cc,73,tile_fused:explicit_throughput,1
34.923,34.983,0,stall,13223615414861,13223615414921,slot0_x1_y1,0,1,1,TILE,TRISC-KERNEL,/hdd/flapmax/tt-metal/tt_metal/hw/firmware/src/tt-1xx/trisck.cc,73,tile_fused:trisc_kernel_base,1
34.983,35.013,0,active,13223615414921,13223615414951,slot0_x1_y1,0,1,1,TILE,THROUGHPUT_SECTION,/hdd/flapmax/tt-metal/tt_metal/hw/firmware/src/tt-1xx/trisck.cc,73,tile_fused:explicit_throughput,1
35.013,35.047,0,stall,13223615414951,13223615414985,slot0_x1_y1,0,1,1,TILE,TRISC-KERNEL,/hdd/flapmax/tt-metal/tt_metal/hw/firmware/src/tt-1xx/trisck.cc,73,tile_fused:trisc_kernel_base,1
35.047,35.066,0,active,13223615414985,13223615415004,slot0_x1_y1,0,1,1,TILE,THROUGHPUT_SECTION,/hdd/flapmax/tt-metal/tt_metal/hw/firmware/src/tt-1xx/trisck.cc,73,tile_fused:explicit_throughput,1
35.066,35.508,0,stall,13223615415004,13223615415446,slot0_x1_y1,0,1,1,TILE,TRISC-KERNEL,/hdd/flapmax/tt-metal/tt_metal/hw/firmware/src/tt-1xx/trisck.cc,73,tile_fused:trisc_kernel_base,1
35.508,35.564,0,active,13223615415446,13223615415502,slot0_x1_y1,0,1,1,TILE,THROUGHPUT_SECTION,/hdd/flapmax/tt-metal/tt_metal/hw/firmware/src/tt-1xx/trisck.cc,73,tile_fused:explicit_throughput,1
35.564,35.616,0,stall,13223615415502,13223615415554,slot0_x1_y1,0,1,1,TILE,TRISC-KERNEL,/hdd/flapmax/tt-metal/tt_metal/hw/firmware/src/tt-1xx/trisck.cc,73,tile_fused:trisc_kernel_base,1
35.616,35.643,0,active,13223615415554,13223615415581,slot0_x1_y1,0,1,1,TILE,THROUGHPUT_SECTION,/hdd/flapmax/tt-metal/tt_metal/hw/firmware/src/tt-1xx/trisck.cc,73,tile_fused:explicit_throughput,1
35.643,35.689,0,stall,13223615415581,13223615415627,slot0_x1_y1,0,1,1,TILE,TRISC-KERNEL,/hdd/flapmax/tt-metal/tt_metal/hw/firmware/src/tt-1xx/trisck.cc,73,tile_fused:trisc_kernel_base,1
35.689,35.708,0,active,13223615415627,13223615415646,slot0_x1_y1,0,1,1,TILE,THROUGHPUT_SECTION,/hdd/flapmax/tt-metal/tt_metal/hw/firmware/src/tt-1xx/trisck.cc,73,tile_fused:explicit_throughput,1
35.708,36.127,0,stall,13223615415646,13223615416065,slot0_x1_y1,0,1,1,TILE,TRISC-KERNEL,/hdd/flapmax/tt-metal/tt_metal/hw/firmware/src/tt-1xx/trisck.cc,73,tile_fused:trisc_kernel_base,1
36.127,36.176,0,active,13223615416065,13223615416114,slot0_x1_y1,0,1,1,TILE,THROUGHPUT_SECTION,/hdd/flapmax/tt-metal/tt_metal/hw/firmware/src/tt-1xx/trisck.cc,73,tile_fused:explicit_throughput,1
36.176,36.229,0,stall,13223615416114,13223615416167,slot0_x1_y1,0,1,1,TILE,TRISC-KERNEL,/hdd/flapmax/tt-metal/tt_metal/hw/firmware/src/tt-1xx/trisck.cc,73,tile_fused:trisc_kernel_base,1
36.229,36.258,0,active,13223615416167,13223615416196,slot0_x1_y1,0,1,1,TILE,THROUGHPUT_SECTION,/hdd/flapmax/tt-metal/tt_metal/hw/firmware/src/tt-1xx/trisck.cc,73,tile_fused:explicit_throughput,1
36.258,36.325,0,stall,13223615416196,13223615416263,slot0_x1_y1,0,1,1,TILE,TRISC-KERNEL,/hdd/flapmax/tt-metal/tt_metal/hw/firmware/src/tt-1xx/trisck.cc,73,tile_fused:trisc_kernel_base,1
36.325,36.345,0,active,13223615416263,13223615416283,slot0_x1_y1,0,1,1,TILE,THROUGHPUT_SECTION,/hdd/flapmax/tt-metal/tt_metal/hw/firmware/src/tt-1xx/trisck.cc,73,tile_fused:explicit_throughput,1
36.345,36.754,0,stall,13223615416283,13223615416692,slot0_x1_y1,0,1,1,TILE,TRISC-KERNEL,/hdd/flapmax/tt-metal/tt_metal/hw/firmware/src/tt-1xx/trisck.cc,73,tile_fused:trisc_kernel_base,1
36.754,36.81,0,active,13223615416692,13223615416748,slot0_x1_y1,0,1,1,TILE,THROUGHPUT_SECTION,/hdd/flapmax/tt-metal/tt_metal/hw/firmware/src/tt-1xx/trisck.cc,73,tile_fused:explicit_throughput,1
36.81,36.864,0,stall,13223615416748,13223615416802,slot0_x1_y1,0,1,1,TILE,TRISC-KERNEL,/hdd/flapmax/tt-metal/tt_metal/hw/firmware/src/tt-1xx/trisck.cc,73,tile_fused:trisc_kernel_base,1
36.864,36.893,0,active,13223615416802,13223615416831,slot0_x1_y1,0,1,1,TILE,THROUGHPUT_SECTION,/hdd/flapmax/tt-metal/tt_metal/hw/firmware/src/tt-1xx/trisck.cc,73,tile_fused:explicit_throughput,1
36.893,36.93,0,stall,13223615416831,13223615416868,slot0_x1_y1,0,1,1,TILE,TRISC-KERNEL,/hdd/flapmax/tt-metal/tt_metal/hw/firmware/src/tt-1xx/trisck.cc,73,tile_fused:trisc_kernel_base,1
36.93,36.95,0,active,13223615416868,13223615416888,slot0_x1_y1,0,1,1,TILE,THROUGHPUT_SECTION,/hdd/flapmax/tt-metal/tt_metal/hw/firmware/src/tt-1xx/trisck.cc,73,tile_fused:explicit_throughput,1
36.95,37.382,0,stall,13223615416888,13223615417320,slot0_x1_y1,0,1,1,TILE,TRISC-KERNEL,/hdd/flapmax/tt-metal/tt_metal/hw/firmware/src/tt-1xx/trisck.cc,73,tile_fused:trisc_kernel_base,1
37.382,37.431,0,active,13223615417320,13223615417369,slot0_x1_y1,0,1,1,TILE,THROUGHPUT_SECTION,/hdd/flapmax/tt-metal/tt_metal/hw/firmware/src/tt-1xx/trisck.cc,73,tile_fused:explicit_throughput,1
37.431,37.489,0,stall,13223615417369,13223615417427,slot0_x1_y1,0,1,1,TILE,TRISC-KERNEL,/hdd/flapmax/tt-metal/tt_metal/hw/firmware/src/tt-1xx/trisck.cc,73,tile_fused:trisc_kernel_base,1
37.489,37.519,0,active,13223615417427,13223615417457,slot0_x1_y1,0,1,1,TILE,THROUGHPUT_SECTION,/hdd/flapmax/tt-metal/tt_metal/hw/firmware/src/tt-1xx/trisck.cc,73,tile_fused:explicit_throughput,1
37.519,37.722,0,stall,13223615417457,13223615417660,slot0_x1_y1,0,1,1,TILE,TRISC-KERNEL,/hdd/flapmax/tt-metal/tt_metal/hw/firmware/src/tt-1xx/trisck.cc,73,tile_fused:trisc_kernel_base,1
37.722,37.741,0,active,13223615417660,13223615417679,slot0_x1_y1,0,1,1,TILE,THROUGHPUT_SECTION,/hdd/flapmax/tt-metal/tt_metal/hw/firmware/src/tt-1xx/trisck.cc,73,tile_fused:explicit_throughput,1
37.741,37.998,0,stall,13223615417679,13223615417936,slot0_x1_y1,0,1,1,TILE,TRISC-KERNEL,/hdd/flapmax/tt-metal/tt_metal/hw/firmware/src/tt-1xx/trisck.cc,73,tile_fused:trisc_kernel_base,1
37.998,38.054,0,active,13223615417936,13223615417992,slot0_x1_y1,0,1,1,TILE,THROUGHPUT_SECTION,/hdd/flapmax/tt-metal/tt_metal/hw/firmware/src/tt-1xx/trisck.cc,73,tile_fused:explicit_throughput,1
38.054,38.107,0,stall,13223615417992,13223615418045,slot0_x1_y1,0,1,1,TILE,TRISC-KERNEL,/hdd/flapmax/tt-metal/tt_metal/hw/firmware/src/tt-1xx/trisck.cc,73,tile_fused:trisc_kernel_base,1
38.107,38.134,0,active,13223615418045,13223615418072,slot0_x1_y1,0,1,1,TILE,THROUGHPUT_SECTION,/hdd/flapmax/tt-metal/tt_metal/hw/firmware/src/tt-1xx/trisck.cc,73,tile_fused:explicit_throughput,1
38.134,38.245,0,stall,13223615418072,13223615418183,slot0_x1_y1,0,1,1,TILE,TRISC-KERNEL,/hdd/flapmax/tt-metal/tt_metal/hw/firmware/src/tt-1xx/trisck.cc,73,tile_fused:trisc_kernel_base,1
38.245,38.264,0,active,13223615418183,13223615418202,slot0_x1_y1,0,1,1,TILE,THROUGHPUT_SECTION,/hdd/flapmax/tt-metal/tt_metal/hw/firmware/src/tt-1xx/trisck.cc,73,tile_fused:explicit_throughput,1
38.264,38.629,0,stall,13223615418202,13223615418567,slot0_x1_y1,0,1,1,TILE,TRISC-KERNEL,/hdd/flapmax/tt-metal/tt_metal/hw/firmware/src/tt-1xx/trisck.cc,73,tile_fused:trisc_kernel_base,1
38.629,38.679,0,active,13223615418567,13223615418617,slot0_x1_y1,0,1,1,TILE,THROUGHPUT_SECTION,/hdd/flapmax/tt-metal/tt_metal/hw/firmware/src/tt-1xx/trisck.cc,73,tile_fused:explicit_throughput,1
38.679,38.731,0,stall,13223615418617,13223615418669,slot0_x1_y1,0,1,1,TILE,TRISC-KERNEL,/hdd/flapmax/tt-metal/tt_metal/hw/firmware/src/tt-1xx/trisck.cc,73,tile_fused:trisc_kernel_base,1
38.731,38.761,0,active,13223615418669,13223615418699,slot0_x1_y1,0,1,1,TILE,THROUGHPUT_SECTION,/hdd/flapmax/tt-metal/tt_metal/hw/firmware/src/tt-1xx/trisck.cc,73,tile_fused:explicit_throughput,1
38.761,38.801,0,stall,13223615418699,13223615418739,slot0_x1_y1,0,1,1,TILE,TRISC-KERNEL,/hdd/flapmax/tt-metal/tt_metal/hw/firmware/src/tt-1xx/trisck.cc,73,tile_fused:trisc_kernel_base,1
38.801,38.82,0,active,13223615418739,13223615418758,slot0_x1_y1,0,1,1,TILE,THROUGHPUT_SECTION,/hdd/flapmax/tt-metal/tt_metal/hw/firmware/src/tt-1xx/trisck.cc,73,tile_fused:explicit_throughput,1
38.82,39.302,0,stall,13223615418758,13223615419240,slot0_x1_y1,0,1,1,TILE,TRISC-KERNEL,/hdd/flapmax/tt-metal/tt_metal/hw/firmware/src/tt-1xx/trisck.cc,73,tile_fused:trisc_kernel_base,1
39.302,39.358,0,active,13223615419240,13223615419296,slot0_x1_y1,0,1,1,TILE,THROUGHPUT_SECTION,/hdd/flapmax/tt-metal/tt_metal/hw/firmware/src/tt-1xx/trisck.cc,73,tile_fused:explicit_throughput,1
39.358,39.477,0,stall,13223615419296,13223615419415,slot0_x1_y1,0,1,1,TILE,TRISC-KERNEL,/hdd/flapmax/tt-metal/tt_metal/hw/firmware/src/tt-1xx/trisck.cc,73,tile_fused:trisc_kernel_base,1
39.477,39.497,0,active,13223615419415,13223615419435,slot0_x1_y1,0,1,1,TILE,THROUGHPUT_SECTION,/hdd/flapmax/tt-metal/tt_metal/hw/firmware/src/tt-1xx/trisck.cc,73,tile_fused:explicit_throughput,1
39.497,39.926,0,stall,13223615419435,13223615419864,slot0_x1_y1,0,1,1,TILE,TRISC-KERNEL,/hdd/flapmax/tt-metal/tt_metal/hw/firmware/src/tt-1xx/trisck.cc,73,tile_fused:trisc_kernel_base,1
39.926,39.975,0,active,13223615419864,13223615419913,slot0_x1_y1,0,1,1,TILE,THROUGHPUT_SECTION,/hdd/flapmax/tt-metal/tt_metal/hw/firmware/src/tt-1xx/trisck.cc,73,tile_fused:explicit_throughput,1
39.975,40.558,0,stall,13223615419913,13223615420496,slot0_x1_y1,0,1,1,TILE,TRISC-KERNEL,/hdd/flapmax/tt-metal/tt_metal/hw/firmware/src/tt-1xx/trisck.cc,73,tile_fused:trisc_kernel_base,1
40.558,40.614,0,active,13223615420496,13223615420552,slot0_x1_y1,0,1,1,TILE,THROUGHPUT_SECTION,/hdd/flapmax/tt-metal/tt_metal/hw/firmware/src/tt-1xx/trisck.cc,73,tile_fused:explicit_throughput,1
40.614,41.334,0,stall,13223615420552,13223615421272,slot0_x1_y1,0,1,1,TILE,TRISC-KERNEL,/hdd/flapmax/tt-metal/tt_metal/hw/firmware/src/tt-1xx/trisck.cc,73,tile_fused:trisc_kernel_base,1
